path,filename,suggested_targets
﻿.coverage,﻿.coverage,
.pylintrc,.pylintrc,.pylintrc;tools/.pylintrc
broken_files.txt,broken_files.txt,broken_files.txt
check_tables.py,check_tables.py,check_tables.py
confirmed_compile_failed_250723.txt,confirmed_compile_failed_250723.txt,confirmed_compile_failed_250723.txt
import_map.txt,import_map.txt,import_map.txt
mastertree.txt,mastertree.txt,mastertree.txt
master_hashes.json,master_hashes.json,master_hashes.json
missfiles_2505_0807_1616.csv,missfiles_2505_0807_1616.csv,missfiles_2505_0807_1616.csv
pytest.ini,pytest.ini,pytest.ini
trace_log.txt,trace_log.txt,trace_log.txt
.pytest_cache/v/cache/lastfailed,lastfailed,.pytest_cache/v/cache/lastfailed
.pytest_cache/v/cache/nodeids,nodeids,.pytest_cache/v/cache/nodeids;tests/.pytest_cache/v/cache/nodeids
backup/file_list_20250807_152731.txt,file_list_20250807_152731.txt,backup/file_list_20250807_152731.txt
backup/missing_verified_final_20250807_1653.csv,missing_verified_final_20250807_1653.csv,backup/missing_verified_final_20250807_1653.csv
backup/usage_analysis_dryrun_20250807_2130.csv,usage_analysis_dryrun_20250807_2130.csv,backup/usage_analysis_dryrun_20250807_2130.csv
backup/xmissing_may_20250807_1633.txt,xmissing_may_20250807_1633.txt,backup/xmissing_may_20250807_1633.txt
core/db.py,db.py,core/db.py
core/run_engine.py,run_engine.py,core/run_engine.py
data/exported_data/export_all_tables_with_datetime.py,export_all_tables_with_datetime.py,data/exported_data/export_all_tables_with_datetime.py;scripts/export_all_tables_with_datetime.py
data/exported_data/export_all_table_row_counts.py,export_all_table_row_counts.py,data/exported_data/export_all_table_row_counts.py;scripts/export_all_table_row_counts.py
data/exported_data/export_logtrace_to_csv.py,export_logtrace_to_csv.py,data/exported_data/export_logtrace_to_csv.py;scripts/export_logtrace_to_csv.py
data/exported_data/export_log_summary.py,export_log_summary.py,data/exported_data/export_log_summary.py;scripts/export_log_summary.py
data/exported_data/export_log_summary_csv_with_datetime.py,export_log_summary_csv_with_datetime.py,data/exported_data/export_log_summary_csv_with_datetime.py;scripts/export_log_summary_csv_with_datetime.py
db/account_log.db,account_log.db,db/account_log.db
db/init_check_create_logtable.py,init_check_create_logtable.py,db/init_check_create_logtable.py
db/init_user_table.py,init_user_table.py,db/init_user_table.py
db/init_user_table_2.py,init_user_table_2.py,db/init_user_table_2.py
db/insert_command_log.py,insert_command_log.py,db/insert_command_log.py
db/insert_command_log_6.py,insert_command_log_6.py,db/insert_command_log_6.py
db/insert_disk_log.py,insert_disk_log.py,db/insert_disk_log.py
db/insert_disk_log_6.py,insert_disk_log_6.py,db/insert_disk_log_6.py
db/insert_env_log.py,insert_env_log.py,db/insert_env_log.py;modules/common/insert_env_log.py
db/insert_env_log_6.py,insert_env_log_6.py,db/insert_env_log_6.py;modules/common/insert_env_log_6.py
db/insert_function_log.py,insert_function_log.py,db/insert_function_log.py
db/insert_git_log.py,insert_git_log.py,db/insert_git_log.py
db/insert_git_log_to_db.py,insert_git_log_to_db.py,db/insert_git_log_to_db.py
db/insert_git_log_to_db_6.py,insert_git_log_to_db_6.py,db/insert_git_log_to_db_6.py
db/insert_network_log.py,insert_network_log.py,db/insert_network_log.py
db/insert_network_log_6.py,insert_network_log_6.py,db/insert_network_log_6.py
db/insert_session_result.py,insert_session_result.py,db/insert_session_result.py
db/insert_session_result_6.py,insert_session_result_6.py,db/insert_session_result_6.py
db/trace_log.db,trace_log.db,db/trace_log.db
decorators/log_trace.py,log_trace.py,decorators/log_trace.py;modules/log_trace.py
launcher/main.py,main.py,launcher/main.py
locator/hash_file_locator.py,hash_file_locator.py,locator/hash_file_locator.py
logs/current_file_hashes.csv,current_file_hashes.csv,
logs/git_Changes _0807_2206.txt,git_Changes _0807_2206.txt,
logs/hash_compare_result_0807.txt,hash_compare_result_0807.txt,
logs/recent_modified_files_48h.csv,recent_modified_files_48h.csv,logs/recent_modified_files_48h.csv
logs/recent_modified_mastertree_48h.txt,recent_modified_mastertree_48h.txt,
modules/account_runner.py,account_runner.py,modules/account_runner.py
modules/api.py,api.py,modules/api.py
modules/ast_graph_builder.py,ast_graph_builder.py,modules/ast_graph_builder.py
modules/auto_generate_tests.py,auto_generate_tests.py,modules/auto_generate_tests.py;tools/auto_generate_tests.py;tools/test_generator/auto_generate_tests.py
modules/cfg_loader.py,cfg_loader.py,modules/cfg_loader.py
modules/cfg_local.py,cfg_local.py,modules/cfg_local.py
modules/log_trace.py,log_trace.py,decorators/log_trace.py;modules/log_trace.py
modules/pickle_serializer.py,pickle_serializer.py,modules/pickle_serializer.py
modules/pprint_util_custom.py,pprint_util_custom.py,modules/pprint_util_custom.py
modules/reset_db.py,reset_db.py,modules/reset_db.py
modules/six_util_custom.py,six_util_custom.py,modules/six_util_custom.py
modules/ssl_handler.py,ssl_handler.py,modules/ssl_handler.py
modules/task_queue_mgr.py,task_queue_mgr.py,modules/task_queue_mgr.py
modules/common/asyncio_custom.py,asyncio_custom.py,modules/common/asyncio_custom.py
modules/common/audits_1.py,audits_1.py,modules/common/audits_1.py
modules/common/bluetooth_emulation_1.py,bluetooth_emulation_1.py,modules/common/bluetooth_emulation_1.py
modules/common/browser_2.py,browser_2.py,modules/common/browser_2.py
modules/common/browser_3.py,browser_3.py,modules/common/browser_3.py
modules/common/browsing_context_1.py,browsing_context_1.py,modules/common/browsing_context_1.py
modules/common/commondialog_1.py,commondialog_1.py,modules/common/commondialog_1.py
modules/common/commontypes_1.py,commontypes_1.py,modules/common/commontypes_1.py
modules/common/common_18.py,common_18.py,modules/common/common_18.py
modules/common/common_19.py,common_19.py,modules/common/common_19.py
modules/common/common_20.py,common_20.py,modules/common/common_20.py
modules/common/common_28.py,common_28.py,modules/common/common_28.py
modules/common/common_29.py,common_29.py,modules/common/common_29.py
modules/common/common_3.py,common_3.py,modules/common/common_3.py
modules/common/common_30.py,common_30.py,modules/common/common_30.py
modules/common/common_31.py,common_31.py,modules/common/common_31.py
modules/common/common_32.py,common_32.py,modules/common/common_32.py
modules/common/common_33.py,common_33.py,modules/common/common_33.py
modules/common/common_34.py,common_34.py,modules/common/common_34.py
modules/common/common_35.py,common_35.py,modules/common/common_35.py
modules/common/common_4.py,common_4.py,modules/common/common_4.py
modules/common/common_5.py,common_5.py,modules/common/common_5.py
modules/common/common_6.py,common_6.py,modules/common/common_6.py
modules/common/common_7.py,common_7.py,modules/common/common_7.py
modules/common/common_8.py,common_8.py,modules/common/common_8.py
modules/common/common_9.py,common_9.py,modules/common/common_9.py
modules/common/common_rules_2.py,common_rules_2.py,modules/common/common_rules_2.py
modules/common/common_rules_3.py,common_rules_3.py,modules/common/common_rules_3.py
modules/common/create_trace_db.py,create_trace_db.py,modules/common/create_trace_db.py
modules/common/css_1.py,css_1.py,modules/common/css_1.py
modules/common/emulation_1.py,emulation_1.py,modules/common/emulation_1.py
modules/common/export_env_log.py,export_env_log.py,modules/common/export_env_log.py;scripts/export_env_log.py
modules/common/export_env_log_1.py,export_env_log_1.py,modules/common/export_env_log_1.py;scripts/export_env_log_1.py
modules/common/extensions_1.py,extensions_1.py,modules/common/extensions_1.py
modules/common/feature_base.py,feature_base.py,modules/common/feature_base.py
modules/common/frame_protocol.py,frame_protocol.py,modules/common/frame_protocol.py
modules/common/handshake.py,handshake.py,modules/common/handshake.py
modules/common/hook_status_logger.py,hook_status_logger.py,modules/common/hook_status_logger.py
modules/common/import_csv_to_db.py,import_csv_to_db.py,modules/common/import_csv_to_db.py
modules/common/insert_env_log.py,insert_env_log.py,db/insert_env_log.py;modules/common/insert_env_log.py
modules/common/insert_env_log_1.py,insert_env_log_1.py,modules/common/insert_env_log_1.py
modules/common/insert_env_log_2.py,insert_env_log_2.py,modules/common/insert_env_log_2.py
modules/common/insert_env_log_3.py,insert_env_log_3.py,modules/common/insert_env_log_3.py
modules/common/insert_env_log_4.py,insert_env_log_4.py,modules/common/insert_env_log_4.py
modules/common/insert_env_log_5.py,insert_env_log_5.py,modules/common/insert_env_log_5.py
modules/common/insert_env_log_6.py,insert_env_log_6.py,db/insert_env_log_6.py;modules/common/insert_env_log_6.py
modules/common/KMAC128_3dd47cdb.py,KMAC128_3dd47cdb.py,modules/common/KMAC128_3dd47cdb.py
modules/common/logger.py,logger.py,modules/common/logger.py
modules/common/log_1.py,log_1.py,modules/common/log_1.py
modules/common/my_configparser.py,my_configparser.py,modules/common/my_configparser.py
modules/common/network_2.py,network_2.py,modules/common/network_2.py
modules/common/network_3.py,network_3.py,modules/common/network_3.py
modules/common/net_socket_engine.py,net_socket_engine.py,modules/common/net_socket_engine.py
modules/common/optimize_trace_log_db.py,optimize_trace_log_db.py,modules/common/optimize_trace_log_db.py
modules/common/page_1.py,page_1.py,modules/common/page_1.py
modules/common/polyutils.py,polyutils.py,modules/common/polyutils.py
modules/common/preload_1.py,preload_1.py,modules/common/preload_1.py
modules/common/proj_concurrent.py,proj_concurrent.py,modules/common/proj_concurrent.py
modules/common/proxy_accf0cdb.py,proxy_accf0cdb.py,modules/common/proxy_accf0cdb.py
modules/common/random_custom.py,random_custom.py,modules/common/random_custom.py
modules/common/rand_util_core.py,rand_util_core.py,modules/common/rand_util_core.py
modules/common/safe_ssl.py,safe_ssl.py,modules/common/safe_ssl.py
modules/common/script_1.py,script_1.py,modules/common/script_1.py
modules/common/session_1.py,session_1.py,modules/common/session_1.py
modules/common/std.py,std.py,modules/common/std.py
modules/common/storage_1.py,storage_1.py,modules/common/storage_1.py
modules/common/st_common_2.py,st_common_2.py,modules/common/st_common_2.py
modules/common/st_common_3.py,st_common_3.py,modules/common/st_common_3.py
modules/common/tags_344cfcdb.py,tags_344cfcdb.py,modules/common/tags_344cfcdb.py
modules/common/time_helper.py,time_helper.py,modules/common/time_helper.py
modules/common/unicode_utils.py,unicode_utils.py,modules/common/unicode_utils.py
modules/common/utils.py,utils.py,modules/common/utils.py
modules/common/_core.py,_core.py,modules/common/_core.py
modules/common/_distutils.py,_distutils.py,modules/common/_distutils.py
modules/common/_io_common_1.py,_io_common_1.py,modules/common/_io_common_1.py
modules/common/_mapping_04f7dcdb.py,_mapping_04f7dcdb.py,modules/common/_mapping_04f7dcdb.py
modules/common/_mode_cfb_61b4dddb.py,_mode_cfb_61b4dddb.py,modules/common/_mode_cfb_61b4dddb.py
modules/common/_monitor.py,_monitor.py,modules/common/_monitor.py
modules/common/_shimmed_dist_utils.py,_shimmed_dist_utils.py,modules/common/_shimmed_dist_utils.py
modules/common/_utils.py,_utils.py,modules/common/_utils.py
modules/common/__init___a3f0ecdb.py,__init___a3f0ecdb.py,modules/common/__init___a3f0ecdb.py
modules/common/__local_datetime.py,__local_datetime.py,modules/common/__local_datetime.py
modules/common/__pycache__/logger.cpython-310.pyc,logger.cpython-310.pyc,modules/common/__pycache__/logger.cpython-310.pyc
modules/core/__pycache__/main_features.cpython-310.pyc,main_features.cpython-310.pyc,modules/core/__pycache__/main_features.cpython-310.pyc
modules/core/__pycache__/__init__.cpython-310.pyc,__init__.cpython-310.pyc,modules/core/__pycache__/__init__.cpython-310.pyc;modules/__pycache__/__init__.cpython-310.pyc
modules/dm/bot.py,bot.py,modules/dm/bot.py
modules/dm/bot_archive.py,bot_archive.py,modules/dm/bot_archive.py
modules/dm/bot_block.py,bot_block.py,modules/dm/bot_block.py
modules/dm/bot_cache.py,bot_cache.py,modules/dm/bot_cache.py
modules/dm/bot_checkpoint.py,bot_checkpoint.py,modules/dm/bot_checkpoint.py
modules/dm/bot_comment.py,bot_comment.py,modules/dm/bot_comment.py
modules/dm/bot_delete.py,bot_delete.py,modules/dm/bot_delete.py
modules/dm/bot_direct.py,bot_direct.py,modules/dm/bot_direct.py
modules/dm/bot_filter.py,bot_filter.py,modules/dm/bot_filter.py
modules/dm/bot_follow.py,bot_follow.py,modules/dm/bot_follow.py
modules/dm/bot_get.py,bot_get.py,modules/dm/bot_get.py
modules/dm/bot_like.py,bot_like.py,modules/dm/bot_like.py
modules/dm/bot_like_6dbb9223.py,bot_like_6dbb9223.py,modules/dm/bot_like_6dbb9223.py
modules/dm/bot_photo.py,bot_photo.py,modules/dm/bot_photo.py
modules/dm/bot_state.py,bot_state.py,modules/dm/bot_state.py
modules/dm/bot_stats.py,bot_stats.py,modules/dm/bot_stats.py
modules/dm/bot_story.py,bot_story.py,modules/dm/bot_story.py
modules/dm/bot_support.py,bot_support.py,modules/dm/bot_support.py
modules/dm/bot_unfollow.py,bot_unfollow.py,modules/dm/bot_unfollow.py
modules/dm/bot_unlike.py,bot_unlike.py,modules/dm/bot_unlike.py
modules/dm/bot_video.py,bot_video.py,modules/dm/bot_video.py
modules/metrics/collector.py,collector.py,modules/metrics/collector.py
modules/queue/_entry_queue.py,_entry_queue.py,modules/queue/_entry_queue.py
modules/queue/_unbounded_queue.py,_unbounded_queue.py,modules/queue/_unbounded_queue.py
modules/sns/wf_instagram_scheduler.py,wf_instagram_scheduler.py,modules/sns/wf_instagram_scheduler.py
modules/__pycache__/account_runner.cpython-310.pyc,account_runner.cpython-310.pyc,modules/__pycache__/account_runner.cpython-310.pyc
modules/__pycache__/__init__.cpython-310.pyc,__init__.cpython-310.pyc,modules/core/__pycache__/__init__.cpython-310.pyc;modules/__pycache__/__init__.cpython-310.pyc
recovery/recovery_file_restorer.py,recovery_file_restorer.py,recovery/recovery_file_restorer.py
reports/gen_exports.py,gen_exports.py,reports/gen_exports.py
reports/gen_exports_1761c9be.py,gen_exports_1761c9be.py,reports/gen_exports_1761c9be.py
reports/gen_exports_6.py,gen_exports_6.py,reports/gen_exports_6.py
reports/summary_report_writer.py,summary_report_writer.py,reports/summary_report_writer.py
scripts/auto_backup_logtrace_6.py,auto_backup_logtrace_6.py,scripts/auto_backup_logtrace_6.py
scripts/auto_send_gitlog_webhook_2.py,auto_send_gitlog_webhook_2.py,scripts/auto_send_gitlog_webhook_2.py
scripts/build_scripts.py,build_scripts.py,scripts/build_scripts.py
scripts/create_release_package_2.py,create_release_package_2.py,scripts/create_release_package_2.py
scripts/enerate_log_statistics_6.py,enerate_log_statistics_6.py,scripts/enerate_log_statistics_6.py
scripts/export_all_logtables.py,export_all_logtables.py,scripts/export_all_logtables.py
scripts/export_all_logtables_1.py,export_all_logtables_1.py,scripts/export_all_logtables_1.py
scripts/export_all_logtables_to_excel.py,export_all_logtables_to_excel.py,scripts/export_all_logtables_to_excel.py
scripts/export_all_logtables_to_excel_1.py,export_all_logtables_to_excel_1.py,scripts/export_all_logtables_to_excel_1.py
scripts/export_all_logtables_to_excel_2.py,export_all_logtables_to_excel_2.py,scripts/export_all_logtables_to_excel_2.py
scripts/export_all_logtables_to_excel_3.py,export_all_logtables_to_excel_3.py,scripts/export_all_logtables_to_excel_3.py
scripts/export_all_logtables_to_excel_4.py,export_all_logtables_to_excel_4.py,scripts/export_all_logtables_to_excel_4.py
scripts/export_all_logtables_to_excel_5.py,export_all_logtables_to_excel_5.py,scripts/export_all_logtables_to_excel_5.py
scripts/export_all_logtables_to_excel_6.py,export_all_logtables_to_excel_6.py,scripts/export_all_logtables_to_excel_6.py
scripts/export_all_tables_with_datetime.py,export_all_tables_with_datetime.py,data/exported_data/export_all_tables_with_datetime.py;scripts/export_all_tables_with_datetime.py
scripts/export_all_tables_with_datetime_1.py,export_all_tables_with_datetime_1.py,scripts/export_all_tables_with_datetime_1.py
scripts/export_all_tables_with_datetime_2.py,export_all_tables_with_datetime_2.py,scripts/export_all_tables_with_datetime_2.py
scripts/export_all_tables_with_datetime_3.py,export_all_tables_with_datetime_3.py,scripts/export_all_tables_with_datetime_3.py
scripts/export_all_tables_with_datetime_4.py,export_all_tables_with_datetime_4.py,scripts/export_all_tables_with_datetime_4.py
scripts/export_all_tables_with_datetime_5.py,export_all_tables_with_datetime_5.py,scripts/export_all_tables_with_datetime_5.py
scripts/export_all_tables_with_datetime_6.py,export_all_tables_with_datetime_6.py,scripts/export_all_tables_with_datetime_6.py
scripts/export_all_table_row_counts.py,export_all_table_row_counts.py,data/exported_data/export_all_table_row_counts.py;scripts/export_all_table_row_counts.py
scripts/export_all_table_row_counts_1.py,export_all_table_row_counts_1.py,scripts/export_all_table_row_counts_1.py
scripts/export_all_table_row_counts_2.py,export_all_table_row_counts_2.py,scripts/export_all_table_row_counts_2.py
scripts/export_all_table_row_counts_3.py,export_all_table_row_counts_3.py,scripts/export_all_table_row_counts_3.py
scripts/export_all_table_row_counts_4.py,export_all_table_row_counts_4.py,scripts/export_all_table_row_counts_4.py
scripts/export_all_table_row_counts_5.py,export_all_table_row_counts_5.py,scripts/export_all_table_row_counts_5.py
scripts/export_all_table_row_counts_6.py,export_all_table_row_counts_6.py,scripts/export_all_table_row_counts_6.py
scripts/export_command_log.py,export_command_log.py,scripts/export_command_log.py
scripts/export_command_log_1.py,export_command_log_1.py,scripts/export_command_log_1.py
scripts/export_command_log_2.py,export_command_log_2.py,scripts/export_command_log_2.py
scripts/export_command_log_3.py,export_command_log_3.py,scripts/export_command_log_3.py
scripts/export_command_log_4.py,export_command_log_4.py,scripts/export_command_log_4.py
scripts/export_command_log_5.py,export_command_log_5.py,scripts/export_command_log_5.py
scripts/export_command_log_6.py,export_command_log_6.py,scripts/export_command_log_6.py
scripts/export_db_schema_to_csv.py,export_db_schema_to_csv.py,scripts/export_db_schema_to_csv.py
scripts/export_db_snapshot_excel.py,export_db_snapshot_excel.py,scripts/export_db_snapshot_excel.py
scripts/export_disk_log.py,export_disk_log.py,scripts/export_disk_log.py
scripts/export_disk_log_1.py,export_disk_log_1.py,scripts/export_disk_log_1.py
scripts/export_disk_log_2.py,export_disk_log_2.py,scripts/export_disk_log_2.py
scripts/export_disk_log_3.py,export_disk_log_3.py,scripts/export_disk_log_3.py
scripts/export_disk_log_4.py,export_disk_log_4.py,scripts/export_disk_log_4.py
scripts/export_disk_log_5.py,export_disk_log_5.py,scripts/export_disk_log_5.py
scripts/export_disk_log_6.py,export_disk_log_6.py,scripts/export_disk_log_6.py
scripts/export_env_log.py,export_env_log.py,modules/common/export_env_log.py;scripts/export_env_log.py
scripts/export_env_log_1.py,export_env_log_1.py,modules/common/export_env_log_1.py;scripts/export_env_log_1.py
scripts/export_env_log_2.py,export_env_log_2.py,scripts/export_env_log_2.py
scripts/export_env_log_3.py,export_env_log_3.py,scripts/export_env_log_3.py
scripts/export_env_log_4.py,export_env_log_4.py,scripts/export_env_log_4.py
scripts/export_env_log_5.py,export_env_log_5.py,scripts/export_env_log_5.py
scripts/export_env_log_6.py,export_env_log_6.py,scripts/export_env_log_6.py
scripts/export_feedback_log.py,export_feedback_log.py,scripts/export_feedback_log.py
scripts/export_feedback_log_1.py,export_feedback_log_1.py,scripts/export_feedback_log_1.py
scripts/export_git_commits_to_csv.py,export_git_commits_to_csv.py,scripts/export_git_commits_to_csv.py
scripts/export_hook_logs_to_csv.py,export_hook_logs_to_csv.py,scripts/export_hook_logs_to_csv.py
scripts/export_hook_logs_to_csv_1.py,export_hook_logs_to_csv_1.py,scripts/export_hook_logs_to_csv_1.py
scripts/export_hook_logs_to_csv_2.py,export_hook_logs_to_csv_2.py,scripts/export_hook_logs_to_csv_2.py
scripts/export_hook_logs_to_csv_3.py,export_hook_logs_to_csv_3.py,scripts/export_hook_logs_to_csv_3.py
scripts/export_hook_logs_to_csv_4.py,export_hook_logs_to_csv_4.py,scripts/export_hook_logs_to_csv_4.py
scripts/export_hook_logs_to_csv_5.py,export_hook_logs_to_csv_5.py,scripts/export_hook_logs_to_csv_5.py
scripts/export_hook_logs_to_csv_6.py,export_hook_logs_to_csv_6.py,scripts/export_hook_logs_to_csv_6.py
scripts/export_logtrace.py,export_logtrace.py,scripts/export_logtrace.py
scripts/export_logtrace_1.py,export_logtrace_1.py,scripts/export_logtrace_1.py
scripts/export_logtrace_2.py,export_logtrace_2.py,scripts/export_logtrace_2.py
scripts/export_logtrace_3.py,export_logtrace_3.py,scripts/export_logtrace_3.py
scripts/export_logtrace_4.py,export_logtrace_4.py,scripts/export_logtrace_4.py
scripts/export_logtrace_5.py,export_logtrace_5.py,scripts/export_logtrace_5.py
scripts/export_logtrace_6.py,export_logtrace_6.py,scripts/export_logtrace_6.py
scripts/export_logtrace_table.py,export_logtrace_table.py,scripts/export_logtrace_table.py
scripts/export_logtrace_table_1.py,export_logtrace_table_1.py,scripts/export_logtrace_table_1.py
scripts/export_logtrace_to_csv.py,export_logtrace_to_csv.py,data/exported_data/export_logtrace_to_csv.py;scripts/export_logtrace_to_csv.py
scripts/export_logtrace_to_csv_1.py,export_logtrace_to_csv_1.py,scripts/export_logtrace_to_csv_1.py
scripts/export_logtrace_to_csv_2.py,export_logtrace_to_csv_2.py,scripts/export_logtrace_to_csv_2.py
scripts/export_logtrace_to_csv_3.py,export_logtrace_to_csv_3.py,scripts/export_logtrace_to_csv_3.py
scripts/export_logtrace_to_csv_4.py,export_logtrace_to_csv_4.py,scripts/export_logtrace_to_csv_4.py
scripts/export_logtrace_to_csv_5.py,export_logtrace_to_csv_5.py,scripts/export_logtrace_to_csv_5.py
scripts/export_logtrace_to_csv_6.py,export_logtrace_to_csv_6.py,scripts/export_logtrace_to_csv_6.py
scripts/export_logtrace_to_csv_with_datetime.py,export_logtrace_to_csv_with_datetime.py,scripts/export_logtrace_to_csv_with_datetime.py
scripts/export_logtrace_to_csv_with_datetime_1.py,export_logtrace_to_csv_with_datetime_1.py,scripts/export_logtrace_to_csv_with_datetime_1.py
scripts/export_logtrace_to_csv_with_datetime_2.py,export_logtrace_to_csv_with_datetime_2.py,scripts/export_logtrace_to_csv_with_datetime_2.py
scripts/export_logtrace_to_csv_with_datetime_3.py,export_logtrace_to_csv_with_datetime_3.py,scripts/export_logtrace_to_csv_with_datetime_3.py
scripts/export_logtrace_to_csv_with_datetime_4.py,export_logtrace_to_csv_with_datetime_4.py,scripts/export_logtrace_to_csv_with_datetime_4.py
scripts/export_logtrace_to_csv_with_datetime_5.py,export_logtrace_to_csv_with_datetime_5.py,scripts/export_logtrace_to_csv_with_datetime_5.py
scripts/export_logtrace_to_csv_with_datetime_6.py,export_logtrace_to_csv_with_datetime_6.py,scripts/export_logtrace_to_csv_with_datetime_6.py
scripts/export_logtrace_to_excel.py,export_logtrace_to_excel.py,scripts/export_logtrace_to_excel.py
scripts/export_logtrace_to_excel_1.py,export_logtrace_to_excel_1.py,scripts/export_logtrace_to_excel_1.py
scripts/export_logtrace_to_excel_2.py,export_logtrace_to_excel_2.py,scripts/export_logtrace_to_excel_2.py
scripts/export_logtrace_to_excel_3.py,export_logtrace_to_excel_3.py,scripts/export_logtrace_to_excel_3.py
scripts/export_logtrace_to_excel_4.py,export_logtrace_to_excel_4.py,scripts/export_logtrace_to_excel_4.py
scripts/export_logtrace_to_excel_5.py,export_logtrace_to_excel_5.py,scripts/export_logtrace_to_excel_5.py
scripts/export_logtrace_to_excel_6.py,export_logtrace_to_excel_6.py,scripts/export_logtrace_to_excel_6.py
scripts/export_logtrace_to_excel_with_datetime.py,export_logtrace_to_excel_with_datetime.py,scripts/export_logtrace_to_excel_with_datetime.py
scripts/export_logtrace_to_excel_with_datetime_1.py,export_logtrace_to_excel_with_datetime_1.py,scripts/export_logtrace_to_excel_with_datetime_1.py
scripts/export_logtrace_to_excel_with_datetime_2.py,export_logtrace_to_excel_with_datetime_2.py,scripts/export_logtrace_to_excel_with_datetime_2.py
scripts/export_logtrace_to_excel_with_datetime_3.py,export_logtrace_to_excel_with_datetime_3.py,scripts/export_logtrace_to_excel_with_datetime_3.py
scripts/export_logtrace_to_excel_with_datetime_4.py,export_logtrace_to_excel_with_datetime_4.py,scripts/export_logtrace_to_excel_with_datetime_4.py
scripts/export_logtrace_to_excel_with_datetime_5.py,export_logtrace_to_excel_with_datetime_5.py,scripts/export_logtrace_to_excel_with_datetime_5.py
scripts/export_logtrace_to_excel_with_datetime_6.py,export_logtrace_to_excel_with_datetime_6.py,scripts/export_logtrace_to_excel_with_datetime_6.py
scripts/export_logtrace_with_datetime.py,export_logtrace_with_datetime.py,scripts/export_logtrace_with_datetime.py
scripts/export_logtrace_with_datetime_1.py,export_logtrace_with_datetime_1.py,scripts/export_logtrace_with_datetime_1.py
scripts/export_logtrace_with_datetime_2.py,export_logtrace_with_datetime_2.py,scripts/export_logtrace_with_datetime_2.py
scripts/export_logtrace_with_datetime_3.py,export_logtrace_with_datetime_3.py,scripts/export_logtrace_with_datetime_3.py
scripts/export_logtrace_with_datetime_4.py,export_logtrace_with_datetime_4.py,scripts/export_logtrace_with_datetime_4.py
scripts/export_logtrace_with_datetime_5.py,export_logtrace_with_datetime_5.py,scripts/export_logtrace_with_datetime_5.py
scripts/export_logtrace_with_datetime_6.py,export_logtrace_with_datetime_6.py,scripts/export_logtrace_with_datetime_6.py
scripts/export_logtrace_with_datetime_csv.py,export_logtrace_with_datetime_csv.py,scripts/export_logtrace_with_datetime_csv.py
scripts/export_logtrace_with_datetime_csv_1.py,export_logtrace_with_datetime_csv_1.py,scripts/export_logtrace_with_datetime_csv_1.py
scripts/export_logtrace_with_datetime_csv_2.py,export_logtrace_with_datetime_csv_2.py,scripts/export_logtrace_with_datetime_csv_2.py
scripts/export_logtrace_with_datetime_csv_3.py,export_logtrace_with_datetime_csv_3.py,scripts/export_logtrace_with_datetime_csv_3.py
scripts/export_logtrace_with_datetime_csv_4.py,export_logtrace_with_datetime_csv_4.py,scripts/export_logtrace_with_datetime_csv_4.py
scripts/export_logtrace_with_datetime_csv_5.py,export_logtrace_with_datetime_csv_5.py,scripts/export_logtrace_with_datetime_csv_5.py
scripts/export_logtrace_with_datetime_csv_6.py,export_logtrace_with_datetime_csv_6.py,scripts/export_logtrace_with_datetime_csv_6.py
scripts/export_logtrace_with_os_path.py,export_logtrace_with_os_path.py,scripts/export_logtrace_with_os_path.py
scripts/export_logtrace_with_os_path_1.py,export_logtrace_with_os_path_1.py,scripts/export_logtrace_with_os_path_1.py
scripts/export_logtrace_with_os_path_2.py,export_logtrace_with_os_path_2.py,scripts/export_logtrace_with_os_path_2.py
scripts/export_logtrace_with_os_path_3.py,export_logtrace_with_os_path_3.py,scripts/export_logtrace_with_os_path_3.py
scripts/export_logtrace_with_os_path_4.py,export_logtrace_with_os_path_4.py,scripts/export_logtrace_with_os_path_4.py
scripts/export_logtrace_with_os_path_5.py,export_logtrace_with_os_path_5.py,scripts/export_logtrace_with_os_path_5.py
scripts/export_logtrace_with_os_path_6.py,export_logtrace_with_os_path_6.py,scripts/export_logtrace_with_os_path_6.py
scripts/export_log_summary.py,export_log_summary.py,data/exported_data/export_log_summary.py;scripts/export_log_summary.py
scripts/export_log_summary_1.py,export_log_summary_1.py,scripts/export_log_summary_1.py
scripts/export_log_summary_2.py,export_log_summary_2.py,scripts/export_log_summary_2.py
scripts/export_log_summary_csv_with_datetime.py,export_log_summary_csv_with_datetime.py,data/exported_data/export_log_summary_csv_with_datetime.py;scripts/export_log_summary_csv_with_datetime.py
scripts/export_log_summary_csv_with_datetime_1.py,export_log_summary_csv_with_datetime_1.py,scripts/export_log_summary_csv_with_datetime_1.py
scripts/export_log_summary_csv_with_datetime_2.py,export_log_summary_csv_with_datetime_2.py,scripts/export_log_summary_csv_with_datetime_2.py
scripts/export_log_summary_csv_with_datetime_3.py,export_log_summary_csv_with_datetime_3.py,scripts/export_log_summary_csv_with_datetime_3.py
scripts/export_log_summary_csv_with_datetime_4.py,export_log_summary_csv_with_datetime_4.py,scripts/export_log_summary_csv_with_datetime_4.py
scripts/export_log_summary_csv_with_datetime_5.py,export_log_summary_csv_with_datetime_5.py,scripts/export_log_summary_csv_with_datetime_5.py
scripts/export_log_summary_csv_with_datetime_6.py,export_log_summary_csv_with_datetime_6.py,scripts/export_log_summary_csv_with_datetime_6.py
scripts/export_network_log.py,export_network_log.py,scripts/export_network_log.py
scripts/export_network_log_1.py,export_network_log_1.py,scripts/export_network_log_1.py
scripts/export_network_log_2.py,export_network_log_2.py,scripts/export_network_log_2.py
scripts/export_network_log_3.py,export_network_log_3.py,scripts/export_network_log_3.py
scripts/export_network_log_4.py,export_network_log_4.py,scripts/export_network_log_4.py
scripts/export_network_log_5.py,export_network_log_5.py,scripts/export_network_log_5.py
scripts/export_network_log_6.py,export_network_log_6.py,scripts/export_network_log_6.py
scripts/export_session_log.py,export_session_log.py,scripts/export_session_log.py
scripts/export_session_log_1.py,export_session_log_1.py,scripts/export_session_log_1.py
scripts/export_session_log_2.py,export_session_log_2.py,scripts/export_session_log_2.py
scripts/export_session_log_3.py,export_session_log_3.py,scripts/export_session_log_3.py
scripts/export_session_log_4.py,export_session_log_4.py,scripts/export_session_log_4.py
scripts/export_session_log_5.py,export_session_log_5.py,scripts/export_session_log_5.py
scripts/export_session_log_6.py,export_session_log_6.py,scripts/export_session_log_6.py
scripts/export_session_qasummary.py,export_session_qasummary.py,scripts/export_session_qasummary.py
scripts/export_session_results_to_csv.py,export_session_results_to_csv.py,scripts/export_session_results_to_csv.py
scripts/export_session_results_to_csv_1.py,export_session_results_to_csv_1.py,scripts/export_session_results_to_csv_1.py
scripts/export_session_results_to_csv_2.py,export_session_results_to_csv_2.py,scripts/export_session_results_to_csv_2.py
scripts/export_session_results_to_csv_3.py,export_session_results_to_csv_3.py,scripts/export_session_results_to_csv_3.py
scripts/export_session_results_to_csv_4.py,export_session_results_to_csv_4.py,scripts/export_session_results_to_csv_4.py
scripts/export_session_results_to_csv_5.py,export_session_results_to_csv_5.py,scripts/export_session_results_to_csv_5.py
scripts/export_session_results_to_csv_6.py,export_session_results_to_csv_6.py,scripts/export_session_results_to_csv_6.py
scripts/export_session_results_to_csv_with_datetime.py,export_session_results_to_csv_with_datetime.py,scripts/export_session_results_to_csv_with_datetime.py
scripts/export_session_results_to_csv_with_datetime_1.py,export_session_results_to_csv_with_datetime_1.py,scripts/export_session_results_to_csv_with_datetime_1.py
scripts/export_session_results_to_csv_with_datetime_2.py,export_session_results_to_csv_with_datetime_2.py,scripts/export_session_results_to_csv_with_datetime_2.py
scripts/export_session_results_to_csv_with_datetime_3.py,export_session_results_to_csv_with_datetime_3.py,scripts/export_session_results_to_csv_with_datetime_3.py
scripts/export_session_results_to_csv_with_datetime_4.py,export_session_results_to_csv_with_datetime_4.py,scripts/export_session_results_to_csv_with_datetime_4.py
scripts/export_session_results_to_csv_with_datetime_5.py,export_session_results_to_csv_with_datetime_5.py,scripts/export_session_results_to_csv_with_datetime_5.py
scripts/export_session_results_to_csv_with_datetime_6.py,export_session_results_to_csv_with_datetime_6.py,scripts/export_session_results_to_csv_with_datetime_6.py
scripts/export_session_results_with_datetime.py,export_session_results_with_datetime.py,scripts/export_session_results_with_datetime.py
scripts/export_session_results_with_datetime_1.py,export_session_results_with_datetime_1.py,scripts/export_session_results_with_datetime_1.py
scripts/export_session_results_with_datetime_2.py,export_session_results_with_datetime_2.py,scripts/export_session_results_with_datetime_2.py
scripts/export_session_results_with_datetime_3.py,export_session_results_with_datetime_3.py,scripts/export_session_results_with_datetime_3.py
scripts/export_session_results_with_datetime_4.py,export_session_results_with_datetime_4.py,scripts/export_session_results_with_datetime_4.py
scripts/export_session_results_with_datetime_5.py,export_session_results_with_datetime_5.py,scripts/export_session_results_with_datetime_5.py
scripts/export_session_results_with_datetime_6.py,export_session_results_with_datetime_6.py,scripts/export_session_results_with_datetime_6.py
scripts/export_session_results_with_datetime_excel.py,export_session_results_with_datetime_excel.py,scripts/export_session_results_with_datetime_excel.py
scripts/export_session_results_with_datetime_excel_1.py,export_session_results_with_datetime_excel_1.py,scripts/export_session_results_with_datetime_excel_1.py
scripts/export_session_results_with_datetime_excel_2.py,export_session_results_with_datetime_excel_2.py,scripts/export_session_results_with_datetime_excel_2.py
scripts/export_session_results_with_datetime_excel_3.py,export_session_results_with_datetime_excel_3.py,scripts/export_session_results_with_datetime_excel_3.py
scripts/export_session_results_with_datetime_excel_4.py,export_session_results_with_datetime_excel_4.py,scripts/export_session_results_with_datetime_excel_4.py
scripts/export_session_results_with_datetime_excel_5.py,export_session_results_with_datetime_excel_5.py,scripts/export_session_results_with_datetime_excel_5.py
scripts/export_session_results_with_datetime_excel_6.py,export_session_results_with_datetime_excel_6.py,scripts/export_session_results_with_datetime_excel_6.py
scripts/generate_log_statistics_6.py,generate_log_statistics_6.py,scripts/generate_log_statistics_6.py
scripts/generate_log_summary_5.py,generate_log_summary_5.py,scripts/generate_log_summary_5.py
scripts/generate_log_summary_6.py,generate_log_summary_6.py,scripts/generate_log_summary_6.py
scripts/generate_manuals_2.py,generate_manuals_2.py,scripts/generate_manuals_2.py
scripts/generate_operational_plan_2.py,generate_operational_plan_2.py,scripts/generate_operational_plan_2.py
scripts/generate_qa_review_2.py,generate_qa_review_2.py,scripts/generate_qa_review_2.py
scripts/generate_readme_5.py,generate_readme_5.py,scripts/generate_readme_5.py
scripts/generate_release_info_2.py,generate_release_info_2.py,scripts/generate_release_info_2.py
scripts/inspect_db_schema_6.py,inspect_db_schema_6.py,scripts/inspect_db_schema_6.py
scripts/inspect_users_table_2.py,inspect_users_table_2.py,scripts/inspect_users_table_2.py
scripts/install_scripts.py,install_scripts.py,scripts/install_scripts.py
scripts/install_scripts_1.py,install_scripts_1.py,scripts/install_scripts_1.py
scripts/log_final_run_check_2.py,log_final_run_check_2.py,scripts/log_final_run_check_2.py
scripts/scripts.py,scripts.py,scripts/scripts.py
scripts/send_email_report_1.py,send_email_report_1.py,scripts/send_email_report_1.py
scripts/send_log_webhook_2.py,send_log_webhook_2.py,scripts/send_log_webhook_2.py
scripts/send_summary_email_1.py,send_summary_email_1.py,scripts/send_summary_email_1.py
scripts/upgrade_users_add_role_2.py,upgrade_users_add_role_2.py,scripts/upgrade_users_add_role_2.py
scripts/verify_session_integrity_6.py,verify_session_integrity_6.py,scripts/verify_session_integrity_6.py
scripts/zip_log_exports_6.py,zip_log_exports_6.py,scripts/zip_log_exports_6.py
scripts/_export_format_8fa3e61b_6.py,_export_format_8fa3e61b_6.py,scripts/_export_format_8fa3e61b_6.py
tests/test_account_runner.py,test_account_runner.py,tests/test_account_runner.py;tests/generated/test_account_runner.py
tests/test_account_runner_log_coverage.py,test_account_runner_log_coverage.py,tests/test_account_runner_log_coverage.py
tests/test_api.py,test_api.py,tests/test_api.py;tests/generated/test_api.py
tests/test_auto_generate_tests.py,test_auto_generate_tests.py,tests/test_auto_generate_tests.py;tests/generated/test_auto_generate_tests.py
tests/test_cfg_local.py,test_cfg_local.py,tests/test_cfg_local.py;tests/generated/test_cfg_local.py
tests/test_entry_queue.py,test_entry_queue.py,tests/test_entry_queue.py
tests/test_log_trace.py,test_log_trace.py,tests/test_log_trace.py;tests/generated/test_log_trace.py
tests/test_pprint_util_custom.py,test_pprint_util_custom.py,tests/test_pprint_util_custom.py;tests/generated/test_pprint_util_custom.py
tests/test_six_util_custom.py,test_six_util_custom.py,tests/test_six_util_custom.py;tests/generated/test_six_util_custom.py
tests/test_ssl_handler.py,test_ssl_handler.py,tests/test_ssl_handler.py;tests/generated/test_ssl_handler.py
tests/test_task_queue_mgr.py,test_task_queue_mgr.py,tests/test_task_queue_mgr.py;tests/generated/test_task_queue_mgr.py
tests/test_unbounded_queue.py,test_unbounded_queue.py,tests/test_unbounded_queue.py
tests/.pytest_cache/v/cache/nodeids,nodeids,.pytest_cache/v/cache/nodeids;tests/.pytest_cache/v/cache/nodeids
tests/generated/test_account_runner.py,test_account_runner.py,tests/test_account_runner.py;tests/generated/test_account_runner.py
tests/generated/test_api.py,test_api.py,tests/test_api.py;tests/generated/test_api.py
tests/generated/test_auto_generate_tests.py,test_auto_generate_tests.py,tests/test_auto_generate_tests.py;tests/generated/test_auto_generate_tests.py
tests/generated/test_cfg_local.py,test_cfg_local.py,tests/test_cfg_local.py;tests/generated/test_cfg_local.py
tests/generated/test_empty.py,test_empty.py,tests/generated/test_empty.py
tests/generated/test_log_trace.py,test_log_trace.py,tests/test_log_trace.py;tests/generated/test_log_trace.py
tests/generated/test_pprint_util_custom.py,test_pprint_util_custom.py,tests/test_pprint_util_custom.py;tests/generated/test_pprint_util_custom.py
tests/generated/test_sample.py,test_sample.py,tests/generated/test_sample.py
tests/generated/test_six_util_custom.py,test_six_util_custom.py,tests/test_six_util_custom.py;tests/generated/test_six_util_custom.py
tests/generated/test_ssl_handler.py,test_ssl_handler.py,tests/test_ssl_handler.py;tests/generated/test_ssl_handler.py
tests/generated/test_task_queue_mgr.py,test_task_queue_mgr.py,tests/test_task_queue_mgr.py;tests/generated/test_task_queue_mgr.py
tests/generated/__pycache__/test_account_runner.cpython-310-pytest-8.4.1.pyc,test_account_runner.cpython-310-pytest-8.4.1.pyc,tests/generated/__pycache__/test_account_runner.cpython-310-pytest-8.4.1.pyc;tests/__pycache__/test_account_runner.cpython-310-pytest-8.4.1.pyc
tests/generated/__pycache__/test_api.cpython-310-pytest-8.4.1.pyc,test_api.cpython-310-pytest-8.4.1.pyc,tests/generated/__pycache__/test_api.cpython-310-pytest-8.4.1.pyc;tests/__pycache__/test_api.cpython-310-pytest-8.4.1.pyc
tests/generated/__pycache__/test_auto_generate_tests.cpython-310-pytest-8.4.1.pyc,test_auto_generate_tests.cpython-310-pytest-8.4.1.pyc,tests/generated/__pycache__/test_auto_generate_tests.cpython-310-pytest-8.4.1.pyc;tests/__pycache__/test_auto_generate_tests.cpython-310-pytest-8.4.1.pyc
tests/generated/__pycache__/test_cfg_local.cpython-310-pytest-8.4.1.pyc,test_cfg_local.cpython-310-pytest-8.4.1.pyc,tests/generated/__pycache__/test_cfg_local.cpython-310-pytest-8.4.1.pyc;tests/__pycache__/test_cfg_local.cpython-310-pytest-8.4.1.pyc
tests/generated/__pycache__/test_log_trace.cpython-310-pytest-8.4.1.pyc,test_log_trace.cpython-310-pytest-8.4.1.pyc,tests/generated/__pycache__/test_log_trace.cpython-310-pytest-8.4.1.pyc;tests/__pycache__/test_log_trace.cpython-310-pytest-8.4.1.pyc
tests/generated/__pycache__/test_pprint_util_custom.cpython-310-pytest-8.4.1.pyc,test_pprint_util_custom.cpython-310-pytest-8.4.1.pyc,tests/generated/__pycache__/test_pprint_util_custom.cpython-310-pytest-8.4.1.pyc;tests/__pycache__/test_pprint_util_custom.cpython-310-pytest-8.4.1.pyc
tests/generated/__pycache__/test_six_util_custom.cpython-310-pytest-8.4.1.pyc,test_six_util_custom.cpython-310-pytest-8.4.1.pyc,tests/generated/__pycache__/test_six_util_custom.cpython-310-pytest-8.4.1.pyc;tests/__pycache__/test_six_util_custom.cpython-310-pytest-8.4.1.pyc
tests/generated/__pycache__/test_ssl_handler.cpython-310-pytest-8.4.1.pyc,test_ssl_handler.cpython-310-pytest-8.4.1.pyc,tests/generated/__pycache__/test_ssl_handler.cpython-310-pytest-8.4.1.pyc;tests/__pycache__/test_ssl_handler.cpython-310-pytest-8.4.1.pyc
tests/generated/__pycache__/test_task_queue_mgr.cpython-310-pytest-8.4.1.pyc,test_task_queue_mgr.cpython-310-pytest-8.4.1.pyc,tests/generated/__pycache__/test_task_queue_mgr.cpython-310-pytest-8.4.1.pyc;tests/__pycache__/test_task_queue_mgr.cpython-310-pytest-8.4.1.pyc
tests/__pycache__/test_account_runner.cpython-310-pytest-8.4.1.pyc,test_account_runner.cpython-310-pytest-8.4.1.pyc,tests/generated/__pycache__/test_account_runner.cpython-310-pytest-8.4.1.pyc;tests/__pycache__/test_account_runner.cpython-310-pytest-8.4.1.pyc
tests/__pycache__/test_account_runner_log_coverage.cpython-310-pytest-8.4.1.pyc,test_account_runner_log_coverage.cpython-310-pytest-8.4.1.pyc,tests/__pycache__/test_account_runner_log_coverage.cpython-310-pytest-8.4.1.pyc
tests/__pycache__/test_api.cpython-310-pytest-8.4.1.pyc,test_api.cpython-310-pytest-8.4.1.pyc,tests/generated/__pycache__/test_api.cpython-310-pytest-8.4.1.pyc;tests/__pycache__/test_api.cpython-310-pytest-8.4.1.pyc
tests/__pycache__/test_auto_generate_tests.cpython-310-pytest-8.4.1.pyc,test_auto_generate_tests.cpython-310-pytest-8.4.1.pyc,tests/generated/__pycache__/test_auto_generate_tests.cpython-310-pytest-8.4.1.pyc;tests/__pycache__/test_auto_generate_tests.cpython-310-pytest-8.4.1.pyc
tests/__pycache__/test_cfg_local.cpython-310-pytest-8.4.1.pyc,test_cfg_local.cpython-310-pytest-8.4.1.pyc,tests/generated/__pycache__/test_cfg_local.cpython-310-pytest-8.4.1.pyc;tests/__pycache__/test_cfg_local.cpython-310-pytest-8.4.1.pyc
tests/__pycache__/test_entry_queue.cpython-310-pytest-8.4.1.pyc,test_entry_queue.cpython-310-pytest-8.4.1.pyc,tests/__pycache__/test_entry_queue.cpython-310-pytest-8.4.1.pyc
tests/__pycache__/test_entry_queue_advanced.cpython-310-pytest-8.4.1.pyc,test_entry_queue_advanced.cpython-310-pytest-8.4.1.pyc,tests/__pycache__/test_entry_queue_advanced.cpython-310-pytest-8.4.1.pyc
tests/__pycache__/test_log_trace.cpython-310-pytest-8.4.1.pyc,test_log_trace.cpython-310-pytest-8.4.1.pyc,tests/generated/__pycache__/test_log_trace.cpython-310-pytest-8.4.1.pyc;tests/__pycache__/test_log_trace.cpython-310-pytest-8.4.1.pyc
tests/__pycache__/test_pprint_util_custom.cpython-310-pytest-8.4.1.pyc,test_pprint_util_custom.cpython-310-pytest-8.4.1.pyc,tests/generated/__pycache__/test_pprint_util_custom.cpython-310-pytest-8.4.1.pyc;tests/__pycache__/test_pprint_util_custom.cpython-310-pytest-8.4.1.pyc
tests/__pycache__/test_six_util_custom.cpython-310-pytest-8.4.1.pyc,test_six_util_custom.cpython-310-pytest-8.4.1.pyc,tests/generated/__pycache__/test_six_util_custom.cpython-310-pytest-8.4.1.pyc;tests/__pycache__/test_six_util_custom.cpython-310-pytest-8.4.1.pyc
tests/__pycache__/test_ssl_handler.cpython-310-pytest-8.4.1.pyc,test_ssl_handler.cpython-310-pytest-8.4.1.pyc,tests/generated/__pycache__/test_ssl_handler.cpython-310-pytest-8.4.1.pyc;tests/__pycache__/test_ssl_handler.cpython-310-pytest-8.4.1.pyc
tests/__pycache__/test_task_queue_mgr.cpython-310-pytest-8.4.1.pyc,test_task_queue_mgr.cpython-310-pytest-8.4.1.pyc,tests/generated/__pycache__/test_task_queue_mgr.cpython-310-pytest-8.4.1.pyc;tests/__pycache__/test_task_queue_mgr.cpython-310-pytest-8.4.1.pyc
tests/__pycache__/test_unbounded_queue.cpython-310-pytest-8.4.1.pyc,test_unbounded_queue.cpython-310-pytest-8.4.1.pyc,tests/__pycache__/test_unbounded_queue.cpython-310-pytest-8.4.1.pyc
tools/.pylintrc,.pylintrc,.pylintrc;tools/.pylintrc
tools/analyze_missing_usage.py,analyze_missing_usage.py,tools/analyze_missing_usage.py
tools/auto_generate_tests.py,auto_generate_tests.py,modules/auto_generate_tests.py;tools/auto_generate_tests.py;tools/test_generator/auto_generate_tests.py
tools/diff_hashlist.py,diff_hashlist.py,tools/diff_hashlist.py
tools/filter_needed_files.py,filter_needed_files.py,tools/filter_needed_files.py
tools/fix_import_errors.py,fix_import_errors.py,tools/fix_import_errors.py
tools/generate_master_hash.py,generate_master_hash.py,tools/generate_master_hash.py
tools/hash_verify.py,hash_verify.py,tools/hash_verify.py
tools/layout_sim.py,layout_sim.py,tools/layout_sim.py
tools/module_trace_auto_recovery.py,module_trace_auto_recovery.py,tools/module_trace_auto_recovery.py
tools/needed_files_by_name.py,needed_files_by_name.py,tools/needed_files_by_name.py
tools/needed_files_from_imports.py,needed_files_from_imports.py,tools/needed_files_from_imports.py
tools/parse_functions.py,parse_functions.py,tools/parse_functions.py
tools/scan_tree.py,scan_tree.py,tools/scan_tree.py
tools/test_safety_checker.py,test_safety_checker.py,tools/test_safety_checker.py
tools/tree_checker.py,tree_checker.py,tools/tree_checker.py
tools/integrity/sha256_integrity_mastertree.py,sha256_integrity_mastertree.py,tools/integrity/sha256_integrity_mastertree.py
tools/integrity/verify_integrity_and_identify_unnecessary.py,verify_integrity_and_identify_unnecessary.py,tools/integrity/verify_integrity_and_identify_unnecessary.py
tools/test_generator/auto_generate_tests.py,auto_generate_tests.py,modules/auto_generate_tests.py;tools/auto_generate_tests.py;tools/test_generator/auto_generate_tests.py
utils/env_loader.py,env_loader.py,utils/env_loader.py
utils/__pycache__/env_loader.cpython-310.pyc,env_loader.cpython-310.pyc,utils/__pycache__/env_loader.cpython-310.pyc
validator/check_and_insert_log.py,check_and_insert_log.py,validator/check_and_insert_log.py
validator/check_and_insert_log_2.py,check_and_insert_log_2.py,validator/check_and_insert_log_2.py
validator/check_command_log.py,check_command_log.py,validator/check_command_log.py
validator/check_command_log_6.py,check_command_log_6.py,validator/check_command_log_6.py
validator/check_conflicting_modules.py,check_conflicting_modules.py,validator/check_conflicting_modules.py
validator/check_disk_log.py,check_disk_log.py,validator/check_disk_log.py
validator/check_disk_log_6.py,check_disk_log_6.py,validator/check_disk_log_6.py
validator/check_env_log.py,check_env_log.py,validator/check_env_log.py
validator/check_env_log_6.py,check_env_log_6.py,validator/check_env_log_6.py
validator/check_network_log.py,check_network_log.py,validator/check_network_log.py
validator/check_network_log_6.py,check_network_log_6.py,validator/check_network_log_6.py
validator/check_run_ready.py,check_run_ready.py,validator/check_run_ready.py
validator/check_session_log.py,check_session_log.py,validator/check_session_log.py
validator/check_session_log_6.py,check_session_log_6.py,validator/check_session_log_6.py
validator/check_type_completeness.py,check_type_completeness.py,validator/check_type_completeness.py
validator/check_wraps.py,check_wraps.py,validator/check_wraps.py
validator/check_wt07_status.py,check_wt07_status.py,validator/check_wt07_status.py
validator/check_wt07_status_6.py,check_wt07_status_6.py,validator/check_wt07_status_6.py
