,path,filename,suggested_targets
0,﻿.coverage,﻿.coverage,
1,.pylintrc,.pylintrc,.pylintrc;tools/.pylintrc
2,broken_files.txt,broken_files.txt,broken_files.txt
3,check_tables.py,check_tables.py,check_tables.py
4,confirmed_compile_failed_250723.txt,confirmed_compile_failed_250723.txt,confirmed_compile_failed_250723.txt
5,import_map.txt,import_map.txt,import_map.txt
6,mastertree.txt,mastertree.txt,mastertree.txt
7,master_hashes.json,master_hashes.json,master_hashes.json
8,missfiles_2505_0807_1616.csv,missfiles_2505_0807_1616.csv,missfiles_2505_0807_1616.csv
9,pytest.ini,pytest.ini,pytest.ini
10,trace_log.txt,trace_log.txt,trace_log.txt
11,.pytest_cache/v/cache/lastfailed,lastfailed,.pytest_cache/v/cache/lastfailed
12,.pytest_cache/v/cache/nodeids,nodeids,.pytest_cache/v/cache/nodeids;tests/.pytest_cache/v/cache/nodeids
13,backup/file_list_20250807_152731.txt,file_list_20250807_152731.txt,backup/file_list_20250807_152731.txt
14,backup/missing_verified_final_20250807_1653.csv,missing_verified_final_20250807_1653.csv,backup/missing_verified_final_20250807_1653.csv
15,backup/usage_analysis_dryrun_20250807_2130.csv,usage_analysis_dryrun_20250807_2130.csv,backup/usage_analysis_dryrun_20250807_2130.csv
16,backup/xmissing_may_20250807_1633.txt,xmissing_may_20250807_1633.txt,backup/xmissing_may_20250807_1633.txt
17,core/db.py,db.py,core/db.py
18,core/run_engine.py,run_engine.py,core/run_engine.py
19,data/exported_data/export_all_tables_with_datetime.py,export_all_tables_with_datetime.py,data/exported_data/export_all_tables_with_datetime.py;scripts/export_all_tables_with_datetime.py
20,data/exported_data/export_all_table_row_counts.py,export_all_table_row_counts.py,data/exported_data/export_all_table_row_counts.py;scripts/export_all_table_row_counts.py
21,data/exported_data/export_logtrace_to_csv.py,export_logtrace_to_csv.py,data/exported_data/export_logtrace_to_csv.py;scripts/export_logtrace_to_csv.py
22,data/exported_data/export_log_summary.py,export_log_summary.py,data/exported_data/export_log_summary.py;scripts/export_log_summary.py
23,data/exported_data/export_log_summary_csv_with_datetime.py,export_log_summary_csv_with_datetime.py,data/exported_data/export_log_summary_csv_with_datetime.py;scripts/export_log_summary_csv_with_datetime.py
24,db/account_log.db,account_log.db,db/account_log.db
25,db/init_check_create_logtable.py,init_check_create_logtable.py,db/init_check_create_logtable.py
26,db/init_user_table.py,init_user_table.py,db/init_user_table.py
27,db/init_user_table_2.py,init_user_table_2.py,db/init_user_table_2.py
28,db/insert_command_log.py,insert_command_log.py,db/insert_command_log.py
29,db/insert_command_log_6.py,insert_command_log_6.py,db/insert_command_log_6.py
30,db/insert_disk_log.py,insert_disk_log.py,db/insert_disk_log.py
31,db/insert_disk_log_6.py,insert_disk_log_6.py,db/insert_disk_log_6.py
32,db/insert_env_log.py,insert_env_log.py,db/insert_env_log.py;modules/common/insert_env_log.py
33,db/insert_env_log_6.py,insert_env_log_6.py,db/insert_env_log_6.py;modules/common/insert_env_log_6.py
34,db/insert_function_log.py,insert_function_log.py,db/insert_function_log.py
35,db/insert_git_log.py,insert_git_log.py,db/insert_git_log.py
36,db/insert_git_log_to_db.py,insert_git_log_to_db.py,db/insert_git_log_to_db.py
37,db/insert_git_log_to_db_6.py,insert_git_log_to_db_6.py,db/insert_git_log_to_db_6.py
38,db/insert_network_log.py,insert_network_log.py,db/insert_network_log.py
39,db/insert_network_log_6.py,insert_network_log_6.py,db/insert_network_log_6.py
40,db/insert_session_result.py,insert_session_result.py,db/insert_session_result.py
41,db/insert_session_result_6.py,insert_session_result_6.py,db/insert_session_result_6.py
42,db/trace_log.db,trace_log.db,db/trace_log.db
43,decorators/log_trace.py,log_trace.py,decorators/log_trace.py;modules/log_trace.py
44,launcher/main.py,main.py,launcher/main.py
45,locator/hash_file_locator.py,hash_file_locator.py,locator/hash_file_locator.py
46,logs/current_file_hashes.csv,current_file_hashes.csv,
47,logs/git_Changes _0807_2206.txt,git_Changes _0807_2206.txt,
48,logs/hash_compare_result_0807.txt,hash_compare_result_0807.txt,
49,logs/recent_modified_files_48h.csv,recent_modified_files_48h.csv,logs/recent_modified_files_48h.csv
50,logs/recent_modified_mastertree_48h.txt,recent_modified_mastertree_48h.txt,
51,modules/account_runner.py,account_runner.py,modules/account_runner.py
52,modules/api.py,api.py,modules/api.py
53,modules/ast_graph_builder.py,ast_graph_builder.py,modules/ast_graph_builder.py
54,modules/auto_generate_tests.py,auto_generate_tests.py,modules/auto_generate_tests.py;tools/auto_generate_tests.py;tools/test_generator/auto_generate_tests.py
55,modules/cfg_loader.py,cfg_loader.py,modules/cfg_loader.py
56,modules/cfg_local.py,cfg_local.py,modules/cfg_local.py
57,modules/log_trace.py,log_trace.py,decorators/log_trace.py;modules/log_trace.py
58,modules/pickle_serializer.py,pickle_serializer.py,modules/pickle_serializer.py
59,modules/pprint_util_custom.py,pprint_util_custom.py,modules/pprint_util_custom.py
60,modules/reset_db.py,reset_db.py,modules/reset_db.py
61,modules/six_util_custom.py,six_util_custom.py,modules/six_util_custom.py
62,modules/ssl_handler.py,ssl_handler.py,modules/ssl_handler.py
63,modules/task_queue_mgr.py,task_queue_mgr.py,modules/task_queue_mgr.py
64,modules/common/asyncio_custom.py,asyncio_custom.py,modules/common/asyncio_custom.py
65,modules/common/audits_1.py,audits_1.py,modules/common/audits_1.py
66,modules/common/bluetooth_emulation_1.py,bluetooth_emulation_1.py,modules/common/bluetooth_emulation_1.py
67,modules/common/browser_2.py,browser_2.py,modules/common/browser_2.py
68,modules/common/browser_3.py,browser_3.py,modules/common/browser_3.py
69,modules/common/browsing_context_1.py,browsing_context_1.py,modules/common/browsing_context_1.py
70,modules/common/commondialog_1.py,commondialog_1.py,modules/common/commondialog_1.py
71,modules/common/commontypes_1.py,commontypes_1.py,modules/common/commontypes_1.py
72,modules/common/common_18.py,common_18.py,modules/common/common_18.py
73,modules/common/common_19.py,common_19.py,modules/common/common_19.py
74,modules/common/common_20.py,common_20.py,modules/common/common_20.py
75,modules/common/common_28.py,common_28.py,modules/common/common_28.py
76,modules/common/common_29.py,common_29.py,modules/common/common_29.py
77,modules/common/common_3.py,common_3.py,modules/common/common_3.py
78,modules/common/common_30.py,common_30.py,modules/common/common_30.py
79,modules/common/common_31.py,common_31.py,modules/common/common_31.py
80,modules/common/common_32.py,common_32.py,modules/common/common_32.py
81,modules/common/common_33.py,common_33.py,modules/common/common_33.py
82,modules/common/common_34.py,common_34.py,modules/common/common_34.py
83,modules/common/common_35.py,common_35.py,modules/common/common_35.py
84,modules/common/common_4.py,common_4.py,modules/common/common_4.py
85,modules/common/common_5.py,common_5.py,modules/common/common_5.py
86,modules/common/common_6.py,common_6.py,modules/common/common_6.py
87,modules/common/common_7.py,common_7.py,modules/common/common_7.py
88,modules/common/common_8.py,common_8.py,modules/common/common_8.py
89,modules/common/common_9.py,common_9.py,modules/common/common_9.py
90,modules/common/common_rules_2.py,common_rules_2.py,modules/common/common_rules_2.py
91,modules/common/common_rules_3.py,common_rules_3.py,modules/common/common_rules_3.py
92,modules/common/create_trace_db.py,create_trace_db.py,modules/common/create_trace_db.py
93,modules/common/css_1.py,css_1.py,modules/common/css_1.py
94,modules/common/emulation_1.py,emulation_1.py,modules/common/emulation_1.py
95,modules/common/export_env_log.py,export_env_log.py,modules/common/export_env_log.py;scripts/export_env_log.py
96,modules/common/export_env_log_1.py,export_env_log_1.py,modules/common/export_env_log_1.py;scripts/export_env_log_1.py
97,modules/common/extensions_1.py,extensions_1.py,modules/common/extensions_1.py
98,modules/common/feature_base.py,feature_base.py,modules/common/feature_base.py
99,modules/common/frame_protocol.py,frame_protocol.py,modules/common/frame_protocol.py
100,modules/common/handshake.py,handshake.py,modules/common/handshake.py
101,modules/common/hook_status_logger.py,hook_status_logger.py,modules/common/hook_status_logger.py
102,modules/common/import_csv_to_db.py,import_csv_to_db.py,modules/common/import_csv_to_db.py
103,modules/common/insert_env_log.py,insert_env_log.py,db/insert_env_log.py;modules/common/insert_env_log.py
104,modules/common/insert_env_log_1.py,insert_env_log_1.py,modules/common/insert_env_log_1.py
105,modules/common/insert_env_log_2.py,insert_env_log_2.py,modules/common/insert_env_log_2.py
106,modules/common/insert_env_log_3.py,insert_env_log_3.py,modules/common/insert_env_log_3.py
107,modules/common/insert_env_log_4.py,insert_env_log_4.py,modules/common/insert_env_log_4.py
108,modules/common/insert_env_log_5.py,insert_env_log_5.py,modules/common/insert_env_log_5.py
109,modules/common/insert_env_log_6.py,insert_env_log_6.py,db/insert_env_log_6.py;modules/common/insert_env_log_6.py
110,modules/common/KMAC128_3dd47cdb.py,KMAC128_3dd47cdb.py,modules/common/KMAC128_3dd47cdb.py
111,modules/common/logger.py,logger.py,modules/common/logger.py
112,modules/common/log_1.py,log_1.py,modules/common/log_1.py
113,modules/common/my_configparser.py,my_configparser.py,modules/common/my_configparser.py
114,modules/common/network_2.py,network_2.py,modules/common/network_2.py
115,modules/common/network_3.py,network_3.py,modules/common/network_3.py
116,modules/common/net_socket_engine.py,net_socket_engine.py,modules/common/net_socket_engine.py
117,modules/common/optimize_trace_log_db.py,optimize_trace_log_db.py,modules/common/optimize_trace_log_db.py
118,modules/common/page_1.py,page_1.py,modules/common/page_1.py
119,modules/common/polyutils.py,polyutils.py,modules/common/polyutils.py
120,modules/common/preload_1.py,preload_1.py,modules/common/preload_1.py
121,modules/common/proj_concurrent.py,proj_concurrent.py,modules/common/proj_concurrent.py
122,modules/common/proxy_accf0cdb.py,proxy_accf0cdb.py,modules/common/proxy_accf0cdb.py
123,modules/common/random_custom.py,random_custom.py,modules/common/random_custom.py
124,modules/common/rand_util_core.py,rand_util_core.py,modules/common/rand_util_core.py
125,modules/common/safe_ssl.py,safe_ssl.py,modules/common/safe_ssl.py
126,modules/common/script_1.py,script_1.py,modules/common/script_1.py
127,modules/common/session_1.py,session_1.py,modules/common/session_1.py
128,modules/common/std.py,std.py,modules/common/std.py
129,modules/common/storage_1.py,storage_1.py,modules/common/storage_1.py
130,modules/common/st_common_2.py,st_common_2.py,modules/common/st_common_2.py
131,modules/common/st_common_3.py,st_common_3.py,modules/common/st_common_3.py
132,modules/common/tags_344cfcdb.py,tags_344cfcdb.py,modules/common/tags_344cfcdb.py
133,modules/common/time_helper.py,time_helper.py,modules/common/time_helper.py
134,modules/common/unicode_utils.py,unicode_utils.py,modules/common/unicode_utils.py
135,modules/common/utils.py,utils.py,modules/common/utils.py
136,modules/common/_core.py,_core.py,modules/common/_core.py
137,modules/common/_distutils.py,_distutils.py,modules/common/_distutils.py
138,modules/common/_io_common_1.py,_io_common_1.py,modules/common/_io_common_1.py
139,modules/common/_mapping_04f7dcdb.py,_mapping_04f7dcdb.py,modules/common/_mapping_04f7dcdb.py
140,modules/common/_mode_cfb_61b4dddb.py,_mode_cfb_61b4dddb.py,modules/common/_mode_cfb_61b4dddb.py
141,modules/common/_monitor.py,_monitor.py,modules/common/_monitor.py
142,modules/common/_shimmed_dist_utils.py,_shimmed_dist_utils.py,modules/common/_shimmed_dist_utils.py
143,modules/common/_utils.py,_utils.py,modules/common/_utils.py
144,modules/common/__init___a3f0ecdb.py,__init___a3f0ecdb.py,modules/common/__init___a3f0ecdb.py
145,modules/common/__local_datetime.py,__local_datetime.py,modules/common/__local_datetime.py
146,modules/common/__pycache__/logger.cpython-310.pyc,logger.cpython-310.pyc,modules/common/__pycache__/logger.cpython-310.pyc
147,modules/core/__pycache__/main_features.cpython-310.pyc,main_features.cpython-310.pyc,modules/core/__pycache__/main_features.cpython-310.pyc
148,modules/core/__pycache__/__init__.cpython-310.pyc,__init__.cpython-310.pyc,modules/core/__pycache__/__init__.cpython-310.pyc;modules/__pycache__/__init__.cpython-310.pyc
149,modules/dm/bot.py,bot.py,modules/dm/bot.py
150,modules/dm/bot_archive.py,bot_archive.py,modules/dm/bot_archive.py
151,modules/dm/bot_block.py,bot_block.py,modules/dm/bot_block.py
152,modules/dm/bot_cache.py,bot_cache.py,modules/dm/bot_cache.py
153,modules/dm/bot_checkpoint.py,bot_checkpoint.py,modules/dm/bot_checkpoint.py
154,modules/dm/bot_comment.py,bot_comment.py,modules/dm/bot_comment.py
155,modules/dm/bot_delete.py,bot_delete.py,modules/dm/bot_delete.py
156,modules/dm/bot_direct.py,bot_direct.py,modules/dm/bot_direct.py
157,modules/dm/bot_filter.py,bot_filter.py,modules/dm/bot_filter.py
158,modules/dm/bot_follow.py,bot_follow.py,modules/dm/bot_follow.py
159,modules/dm/bot_get.py,bot_get.py,modules/dm/bot_get.py
160,modules/dm/bot_like.py,bot_like.py,modules/dm/bot_like.py
161,modules/dm/bot_like_6dbb9223.py,bot_like_6dbb9223.py,modules/dm/bot_like_6dbb9223.py
162,modules/dm/bot_photo.py,bot_photo.py,modules/dm/bot_photo.py
163,modules/dm/bot_state.py,bot_state.py,modules/dm/bot_state.py
164,modules/dm/bot_stats.py,bot_stats.py,modules/dm/bot_stats.py
165,modules/dm/bot_story.py,bot_story.py,modules/dm/bot_story.py
166,modules/dm/bot_support.py,bot_support.py,modules/dm/bot_support.py
167,modules/dm/bot_unfollow.py,bot_unfollow.py,modules/dm/bot_unfollow.py
168,modules/dm/bot_unlike.py,bot_unlike.py,modules/dm/bot_unlike.py
169,modules/dm/bot_video.py,bot_video.py,modules/dm/bot_video.py
170,modules/metrics/collector.py,collector.py,modules/metrics/collector.py
171,modules/queue/_entry_queue.py,_entry_queue.py,modules/queue/_entry_queue.py
172,modules/queue/_unbounded_queue.py,_unbounded_queue.py,modules/queue/_unbounded_queue.py
173,modules/sns/wf_instagram_scheduler.py,wf_instagram_scheduler.py,modules/sns/wf_instagram_scheduler.py
174,modules/__pycache__/account_runner.cpython-310.pyc,account_runner.cpython-310.pyc,modules/__pycache__/account_runner.cpython-310.pyc
175,modules/__pycache__/__init__.cpython-310.pyc,__init__.cpython-310.pyc,modules/core/__pycache__/__init__.cpython-310.pyc;modules/__pycache__/__init__.cpython-310.pyc
176,recovery/recovery_file_restorer.py,recovery_file_restorer.py,recovery/recovery_file_restorer.py
177,reports/gen_exports.py,gen_exports.py,reports/gen_exports.py
178,reports/gen_exports_1761c9be.py,gen_exports_1761c9be.py,reports/gen_exports_1761c9be.py
179,reports/gen_exports_6.py,gen_exports_6.py,reports/gen_exports_6.py
180,reports/summary_report_writer.py,summary_report_writer.py,reports/summary_report_writer.py
181,scripts/auto_backup_logtrace_6.py,auto_backup_logtrace_6.py,scripts/auto_backup_logtrace_6.py
182,scripts/auto_send_gitlog_webhook_2.py,auto_send_gitlog_webhook_2.py,scripts/auto_send_gitlog_webhook_2.py
183,scripts/build_scripts.py,build_scripts.py,scripts/build_scripts.py
184,scripts/create_release_package_2.py,create_release_package_2.py,scripts/create_release_package_2.py
185,scripts/enerate_log_statistics_6.py,enerate_log_statistics_6.py,scripts/enerate_log_statistics_6.py
186,scripts/export_all_logtables.py,export_all_logtables.py,scripts/export_all_logtables.py
187,scripts/export_all_logtables_1.py,export_all_logtables_1.py,scripts/export_all_logtables_1.py
188,scripts/export_all_logtables_to_excel.py,export_all_logtables_to_excel.py,scripts/export_all_logtables_to_excel.py
189,scripts/export_all_logtables_to_excel_1.py,export_all_logtables_to_excel_1.py,scripts/export_all_logtables_to_excel_1.py
190,scripts/export_all_logtables_to_excel_2.py,export_all_logtables_to_excel_2.py,scripts/export_all_logtables_to_excel_2.py
191,scripts/export_all_logtables_to_excel_3.py,export_all_logtables_to_excel_3.py,scripts/export_all_logtables_to_excel_3.py
192,scripts/export_all_logtables_to_excel_4.py,export_all_logtables_to_excel_4.py,scripts/export_all_logtables_to_excel_4.py
193,scripts/export_all_logtables_to_excel_5.py,export_all_logtables_to_excel_5.py,scripts/export_all_logtables_to_excel_5.py
194,scripts/export_all_logtables_to_excel_6.py,export_all_logtables_to_excel_6.py,scripts/export_all_logtables_to_excel_6.py
195,scripts/export_all_tables_with_datetime.py,export_all_tables_with_datetime.py,data/exported_data/export_all_tables_with_datetime.py;scripts/export_all_tables_with_datetime.py
196,scripts/export_all_tables_with_datetime_1.py,export_all_tables_with_datetime_1.py,scripts/export_all_tables_with_datetime_1.py
197,scripts/export_all_tables_with_datetime_2.py,export_all_tables_with_datetime_2.py,scripts/export_all_tables_with_datetime_2.py
198,scripts/export_all_tables_with_datetime_3.py,export_all_tables_with_datetime_3.py,scripts/export_all_tables_with_datetime_3.py
199,scripts/export_all_tables_with_datetime_4.py,export_all_tables_with_datetime_4.py,scripts/export_all_tables_with_datetime_4.py
200,scripts/export_all_tables_with_datetime_5.py,export_all_tables_with_datetime_5.py,scripts/export_all_tables_with_datetime_5.py
201,scripts/export_all_tables_with_datetime_6.py,export_all_tables_with_datetime_6.py,scripts/export_all_tables_with_datetime_6.py
202,scripts/export_all_table_row_counts.py,export_all_table_row_counts.py,data/exported_data/export_all_table_row_counts.py;scripts/export_all_table_row_counts.py
203,scripts/export_all_table_row_counts_1.py,export_all_table_row_counts_1.py,scripts/export_all_table_row_counts_1.py
204,scripts/export_all_table_row_counts_2.py,export_all_table_row_counts_2.py,scripts/export_all_table_row_counts_2.py
205,scripts/export_all_table_row_counts_3.py,export_all_table_row_counts_3.py,scripts/export_all_table_row_counts_3.py
206,scripts/export_all_table_row_counts_4.py,export_all_table_row_counts_4.py,scripts/export_all_table_row_counts_4.py
207,scripts/export_all_table_row_counts_5.py,export_all_table_row_counts_5.py,scripts/export_all_table_row_counts_5.py
208,scripts/export_all_table_row_counts_6.py,export_all_table_row_counts_6.py,scripts/export_all_table_row_counts_6.py
209,scripts/export_command_log.py,export_command_log.py,scripts/export_command_log.py
210,scripts/export_command_log_1.py,export_command_log_1.py,scripts/export_command_log_1.py
211,scripts/export_command_log_2.py,export_command_log_2.py,scripts/export_command_log_2.py
212,scripts/export_command_log_3.py,export_command_log_3.py,scripts/export_command_log_3.py
213,scripts/export_command_log_4.py,export_command_log_4.py,scripts/export_command_log_4.py
214,scripts/export_command_log_5.py,export_command_log_5.py,scripts/export_command_log_5.py
215,scripts/export_command_log_6.py,export_command_log_6.py,scripts/export_command_log_6.py
216,scripts/export_db_schema_to_csv.py,export_db_schema_to_csv.py,scripts/export_db_schema_to_csv.py
217,scripts/export_db_snapshot_excel.py,export_db_snapshot_excel.py,scripts/export_db_snapshot_excel.py
218,scripts/export_disk_log.py,export_disk_log.py,scripts/export_disk_log.py
219,scripts/export_disk_log_1.py,export_disk_log_1.py,scripts/export_disk_log_1.py
220,scripts/export_disk_log_2.py,export_disk_log_2.py,scripts/export_disk_log_2.py
221,scripts/export_disk_log_3.py,export_disk_log_3.py,scripts/export_disk_log_3.py
222,scripts/export_disk_log_4.py,export_disk_log_4.py,scripts/export_disk_log_4.py
223,scripts/export_disk_log_5.py,export_disk_log_5.py,scripts/export_disk_log_5.py
224,scripts/export_disk_log_6.py,export_disk_log_6.py,scripts/export_disk_log_6.py
225,scripts/export_env_log.py,export_env_log.py,modules/common/export_env_log.py;scripts/export_env_log.py
226,scripts/export_env_log_1.py,export_env_log_1.py,modules/common/export_env_log_1.py;scripts/export_env_log_1.py
227,scripts/export_env_log_2.py,export_env_log_2.py,scripts/export_env_log_2.py
228,scripts/export_env_log_3.py,export_env_log_3.py,scripts/export_env_log_3.py
229,scripts/export_env_log_4.py,export_env_log_4.py,scripts/export_env_log_4.py
230,scripts/export_env_log_5.py,export_env_log_5.py,scripts/export_env_log_5.py
231,scripts/export_env_log_6.py,export_env_log_6.py,scripts/export_env_log_6.py
232,scripts/export_feedback_log.py,export_feedback_log.py,scripts/export_feedback_log.py
233,scripts/export_feedback_log_1.py,export_feedback_log_1.py,scripts/export_feedback_log_1.py
234,scripts/export_git_commits_to_csv.py,export_git_commits_to_csv.py,scripts/export_git_commits_to_csv.py
235,scripts/export_hook_logs_to_csv.py,export_hook_logs_to_csv.py,scripts/export_hook_logs_to_csv.py
236,scripts/export_hook_logs_to_csv_1.py,export_hook_logs_to_csv_1.py,scripts/export_hook_logs_to_csv_1.py
237,scripts/export_hook_logs_to_csv_2.py,export_hook_logs_to_csv_2.py,scripts/export_hook_logs_to_csv_2.py
238,scripts/export_hook_logs_to_csv_3.py,export_hook_logs_to_csv_3.py,scripts/export_hook_logs_to_csv_3.py
239,scripts/export_hook_logs_to_csv_4.py,export_hook_logs_to_csv_4.py,scripts/export_hook_logs_to_csv_4.py
240,scripts/export_hook_logs_to_csv_5.py,export_hook_logs_to_csv_5.py,scripts/export_hook_logs_to_csv_5.py
241,scripts/export_hook_logs_to_csv_6.py,export_hook_logs_to_csv_6.py,scripts/export_hook_logs_to_csv_6.py
242,scripts/export_logtrace.py,export_logtrace.py,scripts/export_logtrace.py
243,scripts/export_logtrace_1.py,export_logtrace_1.py,scripts/export_logtrace_1.py
244,scripts/export_logtrace_2.py,export_logtrace_2.py,scripts/export_logtrace_2.py
245,scripts/export_logtrace_3.py,export_logtrace_3.py,scripts/export_logtrace_3.py
246,scripts/export_logtrace_4.py,export_logtrace_4.py,scripts/export_logtrace_4.py
247,scripts/export_logtrace_5.py,export_logtrace_5.py,scripts/export_logtrace_5.py
248,scripts/export_logtrace_6.py,export_logtrace_6.py,scripts/export_logtrace_6.py
249,scripts/export_logtrace_table.py,export_logtrace_table.py,scripts/export_logtrace_table.py
250,scripts/export_logtrace_table_1.py,export_logtrace_table_1.py,scripts/export_logtrace_table_1.py
251,scripts/export_logtrace_to_csv.py,export_logtrace_to_csv.py,data/exported_data/export_logtrace_to_csv.py;scripts/export_logtrace_to_csv.py
252,scripts/export_logtrace_to_csv_1.py,export_logtrace_to_csv_1.py,scripts/export_logtrace_to_csv_1.py
253,scripts/export_logtrace_to_csv_2.py,export_logtrace_to_csv_2.py,scripts/export_logtrace_to_csv_2.py
254,scripts/export_logtrace_to_csv_3.py,export_logtrace_to_csv_3.py,scripts/export_logtrace_to_csv_3.py
255,scripts/export_logtrace_to_csv_4.py,export_logtrace_to_csv_4.py,scripts/export_logtrace_to_csv_4.py
256,scripts/export_logtrace_to_csv_5.py,export_logtrace_to_csv_5.py,scripts/export_logtrace_to_csv_5.py
257,scripts/export_logtrace_to_csv_6.py,export_logtrace_to_csv_6.py,scripts/export_logtrace_to_csv_6.py
258,scripts/export_logtrace_to_csv_with_datetime.py,export_logtrace_to_csv_with_datetime.py,scripts/export_logtrace_to_csv_with_datetime.py
259,scripts/export_logtrace_to_csv_with_datetime_1.py,export_logtrace_to_csv_with_datetime_1.py,scripts/export_logtrace_to_csv_with_datetime_1.py
260,scripts/export_logtrace_to_csv_with_datetime_2.py,export_logtrace_to_csv_with_datetime_2.py,scripts/export_logtrace_to_csv_with_datetime_2.py
261,scripts/export_logtrace_to_csv_with_datetime_3.py,export_logtrace_to_csv_with_datetime_3.py,scripts/export_logtrace_to_csv_with_datetime_3.py
262,scripts/export_logtrace_to_csv_with_datetime_4.py,export_logtrace_to_csv_with_datetime_4.py,scripts/export_logtrace_to_csv_with_datetime_4.py
263,scripts/export_logtrace_to_csv_with_datetime_5.py,export_logtrace_to_csv_with_datetime_5.py,scripts/export_logtrace_to_csv_with_datetime_5.py
264,scripts/export_logtrace_to_csv_with_datetime_6.py,export_logtrace_to_csv_with_datetime_6.py,scripts/export_logtrace_to_csv_with_datetime_6.py
265,scripts/export_logtrace_to_excel.py,export_logtrace_to_excel.py,scripts/export_logtrace_to_excel.py
266,scripts/export_logtrace_to_excel_1.py,export_logtrace_to_excel_1.py,scripts/export_logtrace_to_excel_1.py
267,scripts/export_logtrace_to_excel_2.py,export_logtrace_to_excel_2.py,scripts/export_logtrace_to_excel_2.py
268,scripts/export_logtrace_to_excel_3.py,export_logtrace_to_excel_3.py,scripts/export_logtrace_to_excel_3.py
269,scripts/export_logtrace_to_excel_4.py,export_logtrace_to_excel_4.py,scripts/export_logtrace_to_excel_4.py
270,scripts/export_logtrace_to_excel_5.py,export_logtrace_to_excel_5.py,scripts/export_logtrace_to_excel_5.py
271,scripts/export_logtrace_to_excel_6.py,export_logtrace_to_excel_6.py,scripts/export_logtrace_to_excel_6.py
272,scripts/export_logtrace_to_excel_with_datetime.py,export_logtrace_to_excel_with_datetime.py,scripts/export_logtrace_to_excel_with_datetime.py
273,scripts/export_logtrace_to_excel_with_datetime_1.py,export_logtrace_to_excel_with_datetime_1.py,scripts/export_logtrace_to_excel_with_datetime_1.py
274,scripts/export_logtrace_to_excel_with_datetime_2.py,export_logtrace_to_excel_with_datetime_2.py,scripts/export_logtrace_to_excel_with_datetime_2.py
275,scripts/export_logtrace_to_excel_with_datetime_3.py,export_logtrace_to_excel_with_datetime_3.py,scripts/export_logtrace_to_excel_with_datetime_3.py
276,scripts/export_logtrace_to_excel_with_datetime_4.py,export_logtrace_to_excel_with_datetime_4.py,scripts/export_logtrace_to_excel_with_datetime_4.py
277,scripts/export_logtrace_to_excel_with_datetime_5.py,export_logtrace_to_excel_with_datetime_5.py,scripts/export_logtrace_to_excel_with_datetime_5.py
278,scripts/export_logtrace_to_excel_with_datetime_6.py,export_logtrace_to_excel_with_datetime_6.py,scripts/export_logtrace_to_excel_with_datetime_6.py
279,scripts/export_logtrace_with_datetime.py,export_logtrace_with_datetime.py,scripts/export_logtrace_with_datetime.py
280,scripts/export_logtrace_with_datetime_1.py,export_logtrace_with_datetime_1.py,scripts/export_logtrace_with_datetime_1.py
281,scripts/export_logtrace_with_datetime_2.py,export_logtrace_with_datetime_2.py,scripts/export_logtrace_with_datetime_2.py
282,scripts/export_logtrace_with_datetime_3.py,export_logtrace_with_datetime_3.py,scripts/export_logtrace_with_datetime_3.py
283,scripts/export_logtrace_with_datetime_4.py,export_logtrace_with_datetime_4.py,scripts/export_logtrace_with_datetime_4.py
284,scripts/export_logtrace_with_datetime_5.py,export_logtrace_with_datetime_5.py,scripts/export_logtrace_with_datetime_5.py
285,scripts/export_logtrace_with_datetime_6.py,export_logtrace_with_datetime_6.py,scripts/export_logtrace_with_datetime_6.py
286,scripts/export_logtrace_with_datetime_csv.py,export_logtrace_with_datetime_csv.py,scripts/export_logtrace_with_datetime_csv.py
287,scripts/export_logtrace_with_datetime_csv_1.py,export_logtrace_with_datetime_csv_1.py,scripts/export_logtrace_with_datetime_csv_1.py
288,scripts/export_logtrace_with_datetime_csv_2.py,export_logtrace_with_datetime_csv_2.py,scripts/export_logtrace_with_datetime_csv_2.py
289,scripts/export_logtrace_with_datetime_csv_3.py,export_logtrace_with_datetime_csv_3.py,scripts/export_logtrace_with_datetime_csv_3.py
290,scripts/export_logtrace_with_datetime_csv_4.py,export_logtrace_with_datetime_csv_4.py,scripts/export_logtrace_with_datetime_csv_4.py
291,scripts/export_logtrace_with_datetime_csv_5.py,export_logtrace_with_datetime_csv_5.py,scripts/export_logtrace_with_datetime_csv_5.py
292,scripts/export_logtrace_with_datetime_csv_6.py,export_logtrace_with_datetime_csv_6.py,scripts/export_logtrace_with_datetime_csv_6.py
293,scripts/export_logtrace_with_os_path.py,export_logtrace_with_os_path.py,scripts/export_logtrace_with_os_path.py
294,scripts/export_logtrace_with_os_path_1.py,export_logtrace_with_os_path_1.py,scripts/export_logtrace_with_os_path_1.py
295,scripts/export_logtrace_with_os_path_2.py,export_logtrace_with_os_path_2.py,scripts/export_logtrace_with_os_path_2.py
296,scripts/export_logtrace_with_os_path_3.py,export_logtrace_with_os_path_3.py,scripts/export_logtrace_with_os_path_3.py
297,scripts/export_logtrace_with_os_path_4.py,export_logtrace_with_os_path_4.py,scripts/export_logtrace_with_os_path_4.py
298,scripts/export_logtrace_with_os_path_5.py,export_logtrace_with_os_path_5.py,scripts/export_logtrace_with_os_path_5.py
299,scripts/export_logtrace_with_os_path_6.py,export_logtrace_with_os_path_6.py,scripts/export_logtrace_with_os_path_6.py
300,scripts/export_log_summary.py,export_log_summary.py,data/exported_data/export_log_summary.py;scripts/export_log_summary.py
301,scripts/export_log_summary_1.py,export_log_summary_1.py,scripts/export_log_summary_1.py
302,scripts/export_log_summary_2.py,export_log_summary_2.py,scripts/export_log_summary_2.py
303,scripts/export_log_summary_csv_with_datetime.py,export_log_summary_csv_with_datetime.py,data/exported_data/export_log_summary_csv_with_datetime.py;scripts/export_log_summary_csv_with_datetime.py
304,scripts/export_log_summary_csv_with_datetime_1.py,export_log_summary_csv_with_datetime_1.py,scripts/export_log_summary_csv_with_datetime_1.py
305,scripts/export_log_summary_csv_with_datetime_2.py,export_log_summary_csv_with_datetime_2.py,scripts/export_log_summary_csv_with_datetime_2.py
306,scripts/export_log_summary_csv_with_datetime_3.py,export_log_summary_csv_with_datetime_3.py,scripts/export_log_summary_csv_with_datetime_3.py
307,scripts/export_log_summary_csv_with_datetime_4.py,export_log_summary_csv_with_datetime_4.py,scripts/export_log_summary_csv_with_datetime_4.py
308,scripts/export_log_summary_csv_with_datetime_5.py,export_log_summary_csv_with_datetime_5.py,scripts/export_log_summary_csv_with_datetime_5.py
309,scripts/export_log_summary_csv_with_datetime_6.py,export_log_summary_csv_with_datetime_6.py,scripts/export_log_summary_csv_with_datetime_6.py
310,scripts/export_network_log.py,export_network_log.py,scripts/export_network_log.py
311,scripts/export_network_log_1.py,export_network_log_1.py,scripts/export_network_log_1.py
312,scripts/export_network_log_2.py,export_network_log_2.py,scripts/export_network_log_2.py
313,scripts/export_network_log_3.py,export_network_log_3.py,scripts/export_network_log_3.py
314,scripts/export_network_log_4.py,export_network_log_4.py,scripts/export_network_log_4.py
315,scripts/export_network_log_5.py,export_network_log_5.py,scripts/export_network_log_5.py
316,scripts/export_network_log_6.py,export_network_log_6.py,scripts/export_network_log_6.py
317,scripts/export_session_log.py,export_session_log.py,scripts/export_session_log.py
318,scripts/export_session_log_1.py,export_session_log_1.py,scripts/export_session_log_1.py
319,scripts/export_session_log_2.py,export_session_log_2.py,scripts/export_session_log_2.py
320,scripts/export_session_log_3.py,export_session_log_3.py,scripts/export_session_log_3.py
321,scripts/export_session_log_4.py,export_session_log_4.py,scripts/export_session_log_4.py
322,scripts/export_session_log_5.py,export_session_log_5.py,scripts/export_session_log_5.py
323,scripts/export_session_log_6.py,export_session_log_6.py,scripts/export_session_log_6.py
324,scripts/export_session_qasummary.py,export_session_qasummary.py,scripts/export_session_qasummary.py
325,scripts/export_session_results_to_csv.py,export_session_results_to_csv.py,scripts/export_session_results_to_csv.py
326,scripts/export_session_results_to_csv_1.py,export_session_results_to_csv_1.py,scripts/export_session_results_to_csv_1.py
327,scripts/export_session_results_to_csv_2.py,export_session_results_to_csv_2.py,scripts/export_session_results_to_csv_2.py
328,scripts/export_session_results_to_csv_3.py,export_session_results_to_csv_3.py,scripts/export_session_results_to_csv_3.py
329,scripts/export_session_results_to_csv_4.py,export_session_results_to_csv_4.py,scripts/export_session_results_to_csv_4.py
330,scripts/export_session_results_to_csv_5.py,export_session_results_to_csv_5.py,scripts/export_session_results_to_csv_5.py
331,scripts/export_session_results_to_csv_6.py,export_session_results_to_csv_6.py,scripts/export_session_results_to_csv_6.py
332,scripts/export_session_results_to_csv_with_datetime.py,export_session_results_to_csv_with_datetime.py,scripts/export_session_results_to_csv_with_datetime.py
333,scripts/export_session_results_to_csv_with_datetime_1.py,export_session_results_to_csv_with_datetime_1.py,scripts/export_session_results_to_csv_with_datetime_1.py
334,scripts/export_session_results_to_csv_with_datetime_2.py,export_session_results_to_csv_with_datetime_2.py,scripts/export_session_results_to_csv_with_datetime_2.py
335,scripts/export_session_results_to_csv_with_datetime_3.py,export_session_results_to_csv_with_datetime_3.py,scripts/export_session_results_to_csv_with_datetime_3.py
336,scripts/export_session_results_to_csv_with_datetime_4.py,export_session_results_to_csv_with_datetime_4.py,scripts/export_session_results_to_csv_with_datetime_4.py
337,scripts/export_session_results_to_csv_with_datetime_5.py,export_session_results_to_csv_with_datetime_5.py,scripts/export_session_results_to_csv_with_datetime_5.py
338,scripts/export_session_results_to_csv_with_datetime_6.py,export_session_results_to_csv_with_datetime_6.py,scripts/export_session_results_to_csv_with_datetime_6.py
339,scripts/export_session_results_with_datetime.py,export_session_results_with_datetime.py,scripts/export_session_results_with_datetime.py
340,scripts/export_session_results_with_datetime_1.py,export_session_results_with_datetime_1.py,scripts/export_session_results_with_datetime_1.py
341,scripts/export_session_results_with_datetime_2.py,export_session_results_with_datetime_2.py,scripts/export_session_results_with_datetime_2.py
342,scripts/export_session_results_with_datetime_3.py,export_session_results_with_datetime_3.py,scripts/export_session_results_with_datetime_3.py
343,scripts/export_session_results_with_datetime_4.py,export_session_results_with_datetime_4.py,scripts/export_session_results_with_datetime_4.py
344,scripts/export_session_results_with_datetime_5.py,export_session_results_with_datetime_5.py,scripts/export_session_results_with_datetime_5.py
345,scripts/export_session_results_with_datetime_6.py,export_session_results_with_datetime_6.py,scripts/export_session_results_with_datetime_6.py
346,scripts/export_session_results_with_datetime_excel.py,export_session_results_with_datetime_excel.py,scripts/export_session_results_with_datetime_excel.py
347,scripts/export_session_results_with_datetime_excel_1.py,export_session_results_with_datetime_excel_1.py,scripts/export_session_results_with_datetime_excel_1.py
348,scripts/export_session_results_with_datetime_excel_2.py,export_session_results_with_datetime_excel_2.py,scripts/export_session_results_with_datetime_excel_2.py
349,scripts/export_session_results_with_datetime_excel_3.py,export_session_results_with_datetime_excel_3.py,scripts/export_session_results_with_datetime_excel_3.py
350,scripts/export_session_results_with_datetime_excel_4.py,export_session_results_with_datetime_excel_4.py,scripts/export_session_results_with_datetime_excel_4.py
351,scripts/export_session_results_with_datetime_excel_5.py,export_session_results_with_datetime_excel_5.py,scripts/export_session_results_with_datetime_excel_5.py
352,scripts/export_session_results_with_datetime_excel_6.py,export_session_results_with_datetime_excel_6.py,scripts/export_session_results_with_datetime_excel_6.py
353,scripts/generate_log_statistics_6.py,generate_log_statistics_6.py,scripts/generate_log_statistics_6.py
354,scripts/generate_log_summary_5.py,generate_log_summary_5.py,scripts/generate_log_summary_5.py
355,scripts/generate_log_summary_6.py,generate_log_summary_6.py,scripts/generate_log_summary_6.py
356,scripts/generate_manuals_2.py,generate_manuals_2.py,scripts/generate_manuals_2.py
357,scripts/generate_operational_plan_2.py,generate_operational_plan_2.py,scripts/generate_operational_plan_2.py
358,scripts/generate_qa_review_2.py,generate_qa_review_2.py,scripts/generate_qa_review_2.py
359,scripts/generate_readme_5.py,generate_readme_5.py,scripts/generate_readme_5.py
360,scripts/generate_release_info_2.py,generate_release_info_2.py,scripts/generate_release_info_2.py
361,scripts/inspect_db_schema_6.py,inspect_db_schema_6.py,scripts/inspect_db_schema_6.py
362,scripts/inspect_users_table_2.py,inspect_users_table_2.py,scripts/inspect_users_table_2.py
363,scripts/install_scripts.py,install_scripts.py,scripts/install_scripts.py
364,scripts/install_scripts_1.py,install_scripts_1.py,scripts/install_scripts_1.py
365,scripts/log_final_run_check_2.py,log_final_run_check_2.py,scripts/log_final_run_check_2.py
366,scripts/scripts.py,scripts.py,scripts/scripts.py
367,scripts/send_email_report_1.py,send_email_report_1.py,scripts/send_email_report_1.py
368,scripts/send_log_webhook_2.py,send_log_webhook_2.py,scripts/send_log_webhook_2.py
369,scripts/send_summary_email_1.py,send_summary_email_1.py,scripts/send_summary_email_1.py
370,scripts/upgrade_users_add_role_2.py,upgrade_users_add_role_2.py,scripts/upgrade_users_add_role_2.py
371,scripts/verify_session_integrity_6.py,verify_session_integrity_6.py,scripts/verify_session_integrity_6.py
372,scripts/zip_log_exports_6.py,zip_log_exports_6.py,scripts/zip_log_exports_6.py
373,scripts/_export_format_8fa3e61b_6.py,_export_format_8fa3e61b_6.py,scripts/_export_format_8fa3e61b_6.py
374,tests/test_account_runner.py,test_account_runner.py,tests/test_account_runner.py;tests/generated/test_account_runner.py
375,tests/test_account_runner_log_coverage.py,test_account_runner_log_coverage.py,tests/test_account_runner_log_coverage.py
376,tests/test_api.py,test_api.py,tests/test_api.py;tests/generated/test_api.py
377,tests/test_auto_generate_tests.py,test_auto_generate_tests.py,tests/test_auto_generate_tests.py;tests/generated/test_auto_generate_tests.py
378,tests/test_cfg_local.py,test_cfg_local.py,tests/test_cfg_local.py;tests/generated/test_cfg_local.py
379,tests/test_entry_queue.py,test_entry_queue.py,tests/test_entry_queue.py
380,tests/test_log_trace.py,test_log_trace.py,tests/test_log_trace.py;tests/generated/test_log_trace.py
381,tests/test_pprint_util_custom.py,test_pprint_util_custom.py,tests/test_pprint_util_custom.py;tests/generated/test_pprint_util_custom.py
382,tests/test_six_util_custom.py,test_six_util_custom.py,tests/test_six_util_custom.py;tests/generated/test_six_util_custom.py
383,tests/test_ssl_handler.py,test_ssl_handler.py,tests/test_ssl_handler.py;tests/generated/test_ssl_handler.py
384,tests/test_task_queue_mgr.py,test_task_queue_mgr.py,tests/test_task_queue_mgr.py;tests/generated/test_task_queue_mgr.py
385,tests/test_unbounded_queue.py,test_unbounded_queue.py,tests/test_unbounded_queue.py
386,tests/.pytest_cache/v/cache/nodeids,nodeids,.pytest_cache/v/cache/nodeids;tests/.pytest_cache/v/cache/nodeids
387,tests/generated/test_account_runner.py,test_account_runner.py,tests/test_account_runner.py;tests/generated/test_account_runner.py
388,tests/generated/test_api.py,test_api.py,tests/test_api.py;tests/generated/test_api.py
389,tests/generated/test_auto_generate_tests.py,test_auto_generate_tests.py,tests/test_auto_generate_tests.py;tests/generated/test_auto_generate_tests.py
390,tests/generated/test_cfg_local.py,test_cfg_local.py,tests/test_cfg_local.py;tests/generated/test_cfg_local.py
391,tests/generated/test_empty.py,test_empty.py,tests/generated/test_empty.py
392,tests/generated/test_log_trace.py,test_log_trace.py,tests/test_log_trace.py;tests/generated/test_log_trace.py
393,tests/generated/test_pprint_util_custom.py,test_pprint_util_custom.py,tests/test_pprint_util_custom.py;tests/generated/test_pprint_util_custom.py
394,tests/generated/test_sample.py,test_sample.py,tests/generated/test_sample.py
395,tests/generated/test_six_util_custom.py,test_six_util_custom.py,tests/test_six_util_custom.py;tests/generated/test_six_util_custom.py
396,tests/generated/test_ssl_handler.py,test_ssl_handler.py,tests/test_ssl_handler.py;tests/generated/test_ssl_handler.py
397,tests/generated/test_task_queue_mgr.py,test_task_queue_mgr.py,tests/test_task_queue_mgr.py;tests/generated/test_task_queue_mgr.py
398,tests/generated/__pycache__/test_account_runner.cpython-310-pytest-8.4.1.pyc,test_account_runner.cpython-310-pytest-8.4.1.pyc,tests/generated/__pycache__/test_account_runner.cpython-310-pytest-8.4.1.pyc;tests/__pycache__/test_account_runner.cpython-310-pytest-8.4.1.pyc
399,tests/generated/__pycache__/test_api.cpython-310-pytest-8.4.1.pyc,test_api.cpython-310-pytest-8.4.1.pyc,tests/generated/__pycache__/test_api.cpython-310-pytest-8.4.1.pyc;tests/__pycache__/test_api.cpython-310-pytest-8.4.1.pyc
400,tests/generated/__pycache__/test_auto_generate_tests.cpython-310-pytest-8.4.1.pyc,test_auto_generate_tests.cpython-310-pytest-8.4.1.pyc,tests/generated/__pycache__/test_auto_generate_tests.cpython-310-pytest-8.4.1.pyc;tests/__pycache__/test_auto_generate_tests.cpython-310-pytest-8.4.1.pyc
401,tests/generated/__pycache__/test_cfg_local.cpython-310-pytest-8.4.1.pyc,test_cfg_local.cpython-310-pytest-8.4.1.pyc,tests/generated/__pycache__/test_cfg_local.cpython-310-pytest-8.4.1.pyc;tests/__pycache__/test_cfg_local.cpython-310-pytest-8.4.1.pyc
402,tests/generated/__pycache__/test_log_trace.cpython-310-pytest-8.4.1.pyc,test_log_trace.cpython-310-pytest-8.4.1.pyc,tests/generated/__pycache__/test_log_trace.cpython-310-pytest-8.4.1.pyc;tests/__pycache__/test_log_trace.cpython-310-pytest-8.4.1.pyc
403,tests/generated/__pycache__/test_pprint_util_custom.cpython-310-pytest-8.4.1.pyc,test_pprint_util_custom.cpython-310-pytest-8.4.1.pyc,tests/generated/__pycache__/test_pprint_util_custom.cpython-310-pytest-8.4.1.pyc;tests/__pycache__/test_pprint_util_custom.cpython-310-pytest-8.4.1.pyc
404,tests/generated/__pycache__/test_six_util_custom.cpython-310-pytest-8.4.1.pyc,test_six_util_custom.cpython-310-pytest-8.4.1.pyc,tests/generated/__pycache__/test_six_util_custom.cpython-310-pytest-8.4.1.pyc;tests/__pycache__/test_six_util_custom.cpython-310-pytest-8.4.1.pyc
405,tests/generated/__pycache__/test_ssl_handler.cpython-310-pytest-8.4.1.pyc,test_ssl_handler.cpython-310-pytest-8.4.1.pyc,tests/generated/__pycache__/test_ssl_handler.cpython-310-pytest-8.4.1.pyc;tests/__pycache__/test_ssl_handler.cpython-310-pytest-8.4.1.pyc
406,tests/generated/__pycache__/test_task_queue_mgr.cpython-310-pytest-8.4.1.pyc,test_task_queue_mgr.cpython-310-pytest-8.4.1.pyc,tests/generated/__pycache__/test_task_queue_mgr.cpython-310-pytest-8.4.1.pyc;tests/__pycache__/test_task_queue_mgr.cpython-310-pytest-8.4.1.pyc
407,tests/__pycache__/test_account_runner.cpython-310-pytest-8.4.1.pyc,test_account_runner.cpython-310-pytest-8.4.1.pyc,tests/generated/__pycache__/test_account_runner.cpython-310-pytest-8.4.1.pyc;tests/__pycache__/test_account_runner.cpython-310-pytest-8.4.1.pyc
408,tests/__pycache__/test_account_runner_log_coverage.cpython-310-pytest-8.4.1.pyc,test_account_runner_log_coverage.cpython-310-pytest-8.4.1.pyc,tests/__pycache__/test_account_runner_log_coverage.cpython-310-pytest-8.4.1.pyc
409,tests/__pycache__/test_api.cpython-310-pytest-8.4.1.pyc,test_api.cpython-310-pytest-8.4.1.pyc,tests/generated/__pycache__/test_api.cpython-310-pytest-8.4.1.pyc;tests/__pycache__/test_api.cpython-310-pytest-8.4.1.pyc
410,tests/__pycache__/test_auto_generate_tests.cpython-310-pytest-8.4.1.pyc,test_auto_generate_tests.cpython-310-pytest-8.4.1.pyc,tests/generated/__pycache__/test_auto_generate_tests.cpython-310-pytest-8.4.1.pyc;tests/__pycache__/test_auto_generate_tests.cpython-310-pytest-8.4.1.pyc
411,tests/__pycache__/test_cfg_local.cpython-310-pytest-8.4.1.pyc,test_cfg_local.cpython-310-pytest-8.4.1.pyc,tests/generated/__pycache__/test_cfg_local.cpython-310-pytest-8.4.1.pyc;tests/__pycache__/test_cfg_local.cpython-310-pytest-8.4.1.pyc
412,tests/__pycache__/test_entry_queue.cpython-310-pytest-8.4.1.pyc,test_entry_queue.cpython-310-pytest-8.4.1.pyc,tests/__pycache__/test_entry_queue.cpython-310-pytest-8.4.1.pyc
413,tests/__pycache__/test_entry_queue_advanced.cpython-310-pytest-8.4.1.pyc,test_entry_queue_advanced.cpython-310-pytest-8.4.1.pyc,tests/__pycache__/test_entry_queue_advanced.cpython-310-pytest-8.4.1.pyc
414,tests/__pycache__/test_log_trace.cpython-310-pytest-8.4.1.pyc,test_log_trace.cpython-310-pytest-8.4.1.pyc,tests/generated/__pycache__/test_log_trace.cpython-310-pytest-8.4.1.pyc;tests/__pycache__/test_log_trace.cpython-310-pytest-8.4.1.pyc
415,tests/__pycache__/test_pprint_util_custom.cpython-310-pytest-8.4.1.pyc,test_pprint_util_custom.cpython-310-pytest-8.4.1.pyc,tests/generated/__pycache__/test_pprint_util_custom.cpython-310-pytest-8.4.1.pyc;tests/__pycache__/test_pprint_util_custom.cpython-310-pytest-8.4.1.pyc
416,tests/__pycache__/test_six_util_custom.cpython-310-pytest-8.4.1.pyc,test_six_util_custom.cpython-310-pytest-8.4.1.pyc,tests/generated/__pycache__/test_six_util_custom.cpython-310-pytest-8.4.1.pyc;tests/__pycache__/test_six_util_custom.cpython-310-pytest-8.4.1.pyc
417,tests/__pycache__/test_ssl_handler.cpython-310-pytest-8.4.1.pyc,test_ssl_handler.cpython-310-pytest-8.4.1.pyc,tests/generated/__pycache__/test_ssl_handler.cpython-310-pytest-8.4.1.pyc;tests/__pycache__/test_ssl_handler.cpython-310-pytest-8.4.1.pyc
418,tests/__pycache__/test_task_queue_mgr.cpython-310-pytest-8.4.1.pyc,test_task_queue_mgr.cpython-310-pytest-8.4.1.pyc,tests/generated/__pycache__/test_task_queue_mgr.cpython-310-pytest-8.4.1.pyc;tests/__pycache__/test_task_queue_mgr.cpython-310-pytest-8.4.1.pyc
419,tests/__pycache__/test_unbounded_queue.cpython-310-pytest-8.4.1.pyc,test_unbounded_queue.cpython-310-pytest-8.4.1.pyc,tests/__pycache__/test_unbounded_queue.cpython-310-pytest-8.4.1.pyc
420,tools/.pylintrc,.pylintrc,.pylintrc;tools/.pylintrc
421,tools/analyze_missing_usage.py,analyze_missing_usage.py,tools/analyze_missing_usage.py
422,tools/auto_generate_tests.py,auto_generate_tests.py,modules/auto_generate_tests.py;tools/auto_generate_tests.py;tools/test_generator/auto_generate_tests.py
423,tools/diff_hashlist.py,diff_hashlist.py,tools/diff_hashlist.py
424,tools/filter_needed_files.py,filter_needed_files.py,tools/filter_needed_files.py
425,tools/fix_import_errors.py,fix_import_errors.py,tools/fix_import_errors.py
426,tools/generate_master_hash.py,generate_master_hash.py,tools/generate_master_hash.py
427,tools/hash_verify.py,hash_verify.py,tools/hash_verify.py
428,tools/layout_sim.py,layout_sim.py,tools/layout_sim.py
429,tools/module_trace_auto_recovery.py,module_trace_auto_recovery.py,tools/module_trace_auto_recovery.py
430,tools/needed_files_by_name.py,needed_files_by_name.py,tools/needed_files_by_name.py
431,tools/needed_files_from_imports.py,needed_files_from_imports.py,tools/needed_files_from_imports.py
432,tools/parse_functions.py,parse_functions.py,tools/parse_functions.py
433,tools/scan_tree.py,scan_tree.py,tools/scan_tree.py
434,tools/test_safety_checker.py,test_safety_checker.py,tools/test_safety_checker.py
435,tools/tree_checker.py,tree_checker.py,tools/tree_checker.py
436,tools/integrity/sha256_integrity_mastertree.py,sha256_integrity_mastertree.py,tools/integrity/sha256_integrity_mastertree.py
437,tools/integrity/verify_integrity_and_identify_unnecessary.py,verify_integrity_and_identify_unnecessary.py,tools/integrity/verify_integrity_and_identify_unnecessary.py
438,tools/test_generator/auto_generate_tests.py,auto_generate_tests.py,modules/auto_generate_tests.py;tools/auto_generate_tests.py;tools/test_generator/auto_generate_tests.py
439,utils/env_loader.py,env_loader.py,utils/env_loader.py
440,utils/__pycache__/env_loader.cpython-310.pyc,env_loader.cpython-310.pyc,utils/__pycache__/env_loader.cpython-310.pyc
441,validator/check_and_insert_log.py,check_and_insert_log.py,validator/check_and_insert_log.py
442,validator/check_and_insert_log_2.py,check_and_insert_log_2.py,validator/check_and_insert_log_2.py
443,validator/check_command_log.py,check_command_log.py,validator/check_command_log.py
444,validator/check_command_log_6.py,check_command_log_6.py,validator/check_command_log_6.py
445,validator/check_conflicting_modules.py,check_conflicting_modules.py,validator/check_conflicting_modules.py
446,validator/check_disk_log.py,check_disk_log.py,validator/check_disk_log.py
447,validator/check_disk_log_6.py,check_disk_log_6.py,validator/check_disk_log_6.py
448,validator/check_env_log.py,check_env_log.py,validator/check_env_log.py
449,validator/check_env_log_6.py,check_env_log_6.py,validator/check_env_log_6.py
450,validator/check_network_log.py,check_network_log.py,validator/check_network_log.py
451,validator/check_network_log_6.py,check_network_log_6.py,validator/check_network_log_6.py
452,validator/check_run_ready.py,check_run_ready.py,validator/check_run_ready.py
453,validator/check_session_log.py,check_session_log.py,validator/check_session_log.py
454,validator/check_session_log_6.py,check_session_log_6.py,validator/check_session_log_6.py
455,validator/check_type_completeness.py,check_type_completeness.py,validator/check_type_completeness.py
456,validator/check_wraps.py,check_wraps.py,validator/check_wraps.py
457,validator/check_wt07_status.py,check_wt07_status.py,validator/check_wt07_status.py
458,validator/check_wt07_status_6.py,check_wt07_status_6.py,validator/check_wt07_status_6.py
