source,resolved_source
<MAY_BACKUP_ROOT>/﻿.coverage,C:\backup\SNS_24AutoProject_FINAL_20250516_1002\﻿.coverage
<MAY_BACKUP_ROOT>/.pylintrc,C:\backup\SNS_24AutoProject_FINAL_20250516_1002\.pylintrc
<MAY_BACKUP_ROOT>/broken_files.txt,C:\backup\SNS_24AutoProject_FINAL_20250516_1002\broken_files.txt
<MAY_BACKUP_ROOT>/check_tables.py,C:\backup\SNS_24AutoProject_FINAL_20250516_1002\check_tables.py
<MAY_BACKUP_ROOT>/confirmed_compile_failed_250723.txt,C:\backup\SNS_24AutoProject_FINAL_20250516_1002\confirmed_compile_failed_250723.txt
<MAY_BACKUP_ROOT>/import_map.txt,C:\backup\SNS_24AutoProject_FINAL_20250516_1002\import_map.txt
<MAY_BACKUP_ROOT>/mastertree.txt,C:\backup\SNS_24AutoProject_FINAL_20250516_1002\mastertree.txt
<MAY_BACKUP_ROOT>/master_hashes.json,C:\backup\SNS_24AutoProject_FINAL_20250516_1002\master_hashes.json
<MAY_BACKUP_ROOT>/missfiles_2505_0807_1616.csv,C:\backup\SNS_24AutoProject_FINAL_20250516_1002\missfiles_2505_0807_1616.csv
<MAY_BACKUP_ROOT>/pytest.ini,C:\backup\SNS_24AutoProject_FINAL_20250516_1002\pytest.ini
<MAY_BACKUP_ROOT>/trace_log.txt,C:\backup\SNS_24AutoProject_FINAL_20250516_1002\trace_log.txt
<MAY_BACKUP_ROOT>/.pytest_cache/v/cache/lastfailed,C:\backup\SNS_24AutoProject_FINAL_20250516_1002\.pytest_cache\v\cache\lastfailed
<MAY_BACKUP_ROOT>/.pytest_cache/v/cache/nodeids,C:\backup\SNS_24AutoProject_FINAL_20250516_1002\.pytest_cache\v\cache\nodeids
<MAY_BACKUP_ROOT>/backup/file_list_20250807_152731.txt,C:\backup\SNS_24AutoProject_FINAL_20250516_1002\backup\file_list_20250807_152731.txt
<MAY_BACKUP_ROOT>/backup/missing_verified_final_20250807_1653.csv,C:\backup\SNS_24AutoProject_FINAL_20250516_1002\backup\missing_verified_final_20250807_1653.csv
<MAY_BACKUP_ROOT>/backup/usage_analysis_dryrun_20250807_2130.csv,C:\backup\SNS_24AutoProject_FINAL_20250516_1002\backup\usage_analysis_dryrun_20250807_2130.csv
<MAY_BACKUP_ROOT>/backup/xmissing_may_20250807_1633.txt,C:\backup\SNS_24AutoProject_FINAL_20250516_1002\backup\xmissing_may_20250807_1633.txt
<MAY_BACKUP_ROOT>/core/db.py,C:\backup\SNS_24AutoProject_FINAL_20250516_1002\core\db.py
<MAY_BACKUP_ROOT>/core/run_engine.py,C:\backup\SNS_24AutoProject_FINAL_20250516_1002\core\run_engine.py
<MAY_BACKUP_ROOT>/data/exported_data/export_all_tables_with_datetime.py,C:\backup\SNS_24AutoProject_FINAL_20250516_1002\data\exported_data\export_all_tables_with_datetime.py
<MAY_BACKUP_ROOT>/data/exported_data/export_all_table_row_counts.py,C:\backup\SNS_24AutoProject_FINAL_20250516_1002\data\exported_data\export_all_table_row_counts.py
<MAY_BACKUP_ROOT>/data/exported_data/export_logtrace_to_csv.py,C:\backup\SNS_24AutoProject_FINAL_20250516_1002\data\exported_data\export_logtrace_to_csv.py
<MAY_BACKUP_ROOT>/data/exported_data/export_log_summary.py,C:\backup\SNS_24AutoProject_FINAL_20250516_1002\data\exported_data\export_log_summary.py
<MAY_BACKUP_ROOT>/data/exported_data/export_log_summary_csv_with_datetime.py,C:\backup\SNS_24AutoProject_FINAL_20250516_1002\data\exported_data\export_log_summary_csv_with_datetime.py
<MAY_BACKUP_ROOT>/db/account_log.db,C:\backup\SNS_24AutoProject_FINAL_20250516_1002\db\account_log.db
<MAY_BACKUP_ROOT>/db/init_check_create_logtable.py,C:\backup\SNS_24AutoProject_FINAL_20250516_1002\db\init_check_create_logtable.py
<MAY_BACKUP_ROOT>/db/init_user_table.py,C:\backup\SNS_24AutoProject_FINAL_20250516_1002\db\init_user_table.py
<MAY_BACKUP_ROOT>/db/init_user_table_2.py,C:\backup\SNS_24AutoProject_FINAL_20250516_1002\db\init_user_table_2.py
<MAY_BACKUP_ROOT>/db/insert_command_log.py,C:\backup\SNS_24AutoProject_FINAL_20250516_1002\db\insert_command_log.py
<MAY_BACKUP_ROOT>/db/insert_command_log_6.py,C:\backup\SNS_24AutoProject_FINAL_20250516_1002\db\insert_command_log_6.py
<MAY_BACKUP_ROOT>/db/insert_disk_log.py,C:\backup\SNS_24AutoProject_FINAL_20250516_1002\db\insert_disk_log.py
<MAY_BACKUP_ROOT>/db/insert_disk_log_6.py,C:\backup\SNS_24AutoProject_FINAL_20250516_1002\db\insert_disk_log_6.py
<MAY_BACKUP_ROOT>/db/insert_env_log.py,C:\backup\SNS_24AutoProject_FINAL_20250516_1002\db\insert_env_log.py
<MAY_BACKUP_ROOT>/db/insert_env_log_6.py,C:\backup\SNS_24AutoProject_FINAL_20250516_1002\db\insert_env_log_6.py
<MAY_BACKUP_ROOT>/db/insert_function_log.py,C:\backup\SNS_24AutoProject_FINAL_20250516_1002\db\insert_function_log.py
<MAY_BACKUP_ROOT>/db/insert_git_log.py,C:\backup\SNS_24AutoProject_FINAL_20250516_1002\db\insert_git_log.py
<MAY_BACKUP_ROOT>/db/insert_git_log_to_db.py,C:\backup\SNS_24AutoProject_FINAL_20250516_1002\db\insert_git_log_to_db.py
<MAY_BACKUP_ROOT>/db/insert_git_log_to_db_6.py,C:\backup\SNS_24AutoProject_FINAL_20250516_1002\db\insert_git_log_to_db_6.py
<MAY_BACKUP_ROOT>/db/insert_network_log.py,C:\backup\SNS_24AutoProject_FINAL_20250516_1002\db\insert_network_log.py
<MAY_BACKUP_ROOT>/db/insert_network_log_6.py,C:\backup\SNS_24AutoProject_FINAL_20250516_1002\db\insert_network_log_6.py
<MAY_BACKUP_ROOT>/db/insert_session_result.py,C:\backup\SNS_24AutoProject_FINAL_20250516_1002\db\insert_session_result.py
<MAY_BACKUP_ROOT>/db/insert_session_result_6.py,C:\backup\SNS_24AutoProject_FINAL_20250516_1002\db\insert_session_result_6.py
<MAY_BACKUP_ROOT>/launcher/main.py,C:\backup\SNS_24AutoProject_FINAL_20250516_1002\launcher\main.py
<MAY_BACKUP_ROOT>/locator/hash_file_locator.py,C:\backup\SNS_24AutoProject_FINAL_20250516_1002\locator\hash_file_locator.py
<MAY_BACKUP_ROOT>/logs/current_file_hashes.csv,C:\backup\SNS_24AutoProject_FINAL_20250516_1002\logs\current_file_hashes.csv
<MAY_BACKUP_ROOT>/logs/git_Changes _0807_2206.txt,C:\backup\SNS_24AutoProject_FINAL_20250516_1002\logs\git_Changes _0807_2206.txt
<MAY_BACKUP_ROOT>/logs/hash_compare_result_0807.txt,C:\backup\SNS_24AutoProject_FINAL_20250516_1002\logs\hash_compare_result_0807.txt
<MAY_BACKUP_ROOT>/logs/recent_modified_files_48h.csv,C:\backup\SNS_24AutoProject_FINAL_20250516_1002\logs\recent_modified_files_48h.csv
<MAY_BACKUP_ROOT>/logs/recent_modified_mastertree_48h.txt,C:\backup\SNS_24AutoProject_FINAL_20250516_1002\logs\recent_modified_mastertree_48h.txt
<MAY_BACKUP_ROOT>/modules/account_runner.py,C:\backup\SNS_24AutoProject_FINAL_20250516_1002\modules\account_runner.py
<MAY_BACKUP_ROOT>/modules/ast_graph_builder.py,C:\backup\SNS_24AutoProject_FINAL_20250516_1002\modules\ast_graph_builder.py
<MAY_BACKUP_ROOT>/modules/auto_generate_tests.py,C:\backup\SNS_24AutoProject_FINAL_20250516_1002\modules\auto_generate_tests.py
<MAY_BACKUP_ROOT>/modules/log_trace.py,C:\backup\SNS_24AutoProject_FINAL_20250516_1002\modules\log_trace.py
<MAY_BACKUP_ROOT>/modules/reset_db.py,C:\backup\SNS_24AutoProject_FINAL_20250516_1002\modules\reset_db.py
<MAY_BACKUP_ROOT>/modules/common/asyncio_custom.py,C:\backup\SNS_24AutoProject_FINAL_20250516_1002\modules\common\asyncio_custom.py
<MAY_BACKUP_ROOT>/modules/common/audits_1.py,C:\backup\SNS_24AutoProject_FINAL_20250516_1002\modules\common\audits_1.py
<MAY_BACKUP_ROOT>/modules/common/bluetooth_emulation_1.py,C:\backup\SNS_24AutoProject_FINAL_20250516_1002\modules\common\bluetooth_emulation_1.py
<MAY_BACKUP_ROOT>/modules/common/browser_2.py,C:\backup\SNS_24AutoProject_FINAL_20250516_1002\modules\common\browser_2.py
<MAY_BACKUP_ROOT>/modules/common/browser_3.py,C:\backup\SNS_24AutoProject_FINAL_20250516_1002\modules\common\browser_3.py
<MAY_BACKUP_ROOT>/modules/common/browsing_context_1.py,C:\backup\SNS_24AutoProject_FINAL_20250516_1002\modules\common\browsing_context_1.py
<MAY_BACKUP_ROOT>/modules/common/commondialog_1.py,C:\backup\SNS_24AutoProject_FINAL_20250516_1002\modules\common\commondialog_1.py
<MAY_BACKUP_ROOT>/modules/common/commontypes_1.py,C:\backup\SNS_24AutoProject_FINAL_20250516_1002\modules\common\commontypes_1.py
<MAY_BACKUP_ROOT>/modules/common/common_18.py,C:\backup\SNS_24AutoProject_FINAL_20250516_1002\modules\common\common_18.py
<MAY_BACKUP_ROOT>/modules/common/common_19.py,C:\backup\SNS_24AutoProject_FINAL_20250516_1002\modules\common\common_19.py
<MAY_BACKUP_ROOT>/modules/common/common_20.py,C:\backup\SNS_24AutoProject_FINAL_20250516_1002\modules\common\common_20.py
<MAY_BACKUP_ROOT>/modules/common/common_28.py,C:\backup\SNS_24AutoProject_FINAL_20250516_1002\modules\common\common_28.py
<MAY_BACKUP_ROOT>/modules/common/common_29.py,C:\backup\SNS_24AutoProject_FINAL_20250516_1002\modules\common\common_29.py
<MAY_BACKUP_ROOT>/modules/common/common_3.py,C:\backup\SNS_24AutoProject_FINAL_20250516_1002\modules\common\common_3.py
<MAY_BACKUP_ROOT>/modules/common/common_30.py,C:\backup\SNS_24AutoProject_FINAL_20250516_1002\modules\common\common_30.py
<MAY_BACKUP_ROOT>/modules/common/common_31.py,C:\backup\SNS_24AutoProject_FINAL_20250516_1002\modules\common\common_31.py
<MAY_BACKUP_ROOT>/modules/common/common_32.py,C:\backup\SNS_24AutoProject_FINAL_20250516_1002\modules\common\common_32.py
<MAY_BACKUP_ROOT>/modules/common/common_33.py,C:\backup\SNS_24AutoProject_FINAL_20250516_1002\modules\common\common_33.py
<MAY_BACKUP_ROOT>/modules/common/common_34.py,C:\backup\SNS_24AutoProject_FINAL_20250516_1002\modules\common\common_34.py
<MAY_BACKUP_ROOT>/modules/common/common_35.py,C:\backup\SNS_24AutoProject_FINAL_20250516_1002\modules\common\common_35.py
<MAY_BACKUP_ROOT>/modules/common/common_4.py,C:\backup\SNS_24AutoProject_FINAL_20250516_1002\modules\common\common_4.py
<MAY_BACKUP_ROOT>/modules/common/common_5.py,C:\backup\SNS_24AutoProject_FINAL_20250516_1002\modules\common\common_5.py
<MAY_BACKUP_ROOT>/modules/common/common_6.py,C:\backup\SNS_24AutoProject_FINAL_20250516_1002\modules\common\common_6.py
<MAY_BACKUP_ROOT>/modules/common/common_7.py,C:\backup\SNS_24AutoProject_FINAL_20250516_1002\modules\common\common_7.py
<MAY_BACKUP_ROOT>/modules/common/common_8.py,C:\backup\SNS_24AutoProject_FINAL_20250516_1002\modules\common\common_8.py
<MAY_BACKUP_ROOT>/modules/common/common_9.py,C:\backup\SNS_24AutoProject_FINAL_20250516_1002\modules\common\common_9.py
<MAY_BACKUP_ROOT>/modules/common/common_rules_2.py,C:\backup\SNS_24AutoProject_FINAL_20250516_1002\modules\common\common_rules_2.py
<MAY_BACKUP_ROOT>/modules/common/common_rules_3.py,C:\backup\SNS_24AutoProject_FINAL_20250516_1002\modules\common\common_rules_3.py
<MAY_BACKUP_ROOT>/modules/common/create_trace_db.py,C:\backup\SNS_24AutoProject_FINAL_20250516_1002\modules\common\create_trace_db.py
<MAY_BACKUP_ROOT>/modules/common/css_1.py,C:\backup\SNS_24AutoProject_FINAL_20250516_1002\modules\common\css_1.py
<MAY_BACKUP_ROOT>/modules/common/emulation_1.py,C:\backup\SNS_24AutoProject_FINAL_20250516_1002\modules\common\emulation_1.py
<MAY_BACKUP_ROOT>/modules/common/export_env_log.py,C:\backup\SNS_24AutoProject_FINAL_20250516_1002\modules\common\export_env_log.py
<MAY_BACKUP_ROOT>/modules/common/export_env_log_1.py,C:\backup\SNS_24AutoProject_FINAL_20250516_1002\modules\common\export_env_log_1.py
<MAY_BACKUP_ROOT>/modules/common/extensions_1.py,C:\backup\SNS_24AutoProject_FINAL_20250516_1002\modules\common\extensions_1.py
<MAY_BACKUP_ROOT>/modules/common/feature_base.py,C:\backup\SNS_24AutoProject_FINAL_20250516_1002\modules\common\feature_base.py
<MAY_BACKUP_ROOT>/modules/common/frame_protocol.py,C:\backup\SNS_24AutoProject_FINAL_20250516_1002\modules\common\frame_protocol.py
<MAY_BACKUP_ROOT>/modules/common/handshake.py,C:\backup\SNS_24AutoProject_FINAL_20250516_1002\modules\common\handshake.py
<MAY_BACKUP_ROOT>/modules/common/hook_status_logger.py,C:\backup\SNS_24AutoProject_FINAL_20250516_1002\modules\common\hook_status_logger.py
<MAY_BACKUP_ROOT>/modules/common/import_csv_to_db.py,C:\backup\SNS_24AutoProject_FINAL_20250516_1002\modules\common\import_csv_to_db.py
<MAY_BACKUP_ROOT>/modules/common/insert_env_log.py,C:\backup\SNS_24AutoProject_FINAL_20250516_1002\modules\common\insert_env_log.py
<MAY_BACKUP_ROOT>/modules/common/insert_env_log_1.py,C:\backup\SNS_24AutoProject_FINAL_20250516_1002\modules\common\insert_env_log_1.py
<MAY_BACKUP_ROOT>/modules/common/insert_env_log_2.py,C:\backup\SNS_24AutoProject_FINAL_20250516_1002\modules\common\insert_env_log_2.py
<MAY_BACKUP_ROOT>/modules/common/insert_env_log_3.py,C:\backup\SNS_24AutoProject_FINAL_20250516_1002\modules\common\insert_env_log_3.py
<MAY_BACKUP_ROOT>/modules/common/insert_env_log_4.py,C:\backup\SNS_24AutoProject_FINAL_20250516_1002\modules\common\insert_env_log_4.py
<MAY_BACKUP_ROOT>/modules/common/insert_env_log_5.py,C:\backup\SNS_24AutoProject_FINAL_20250516_1002\modules\common\insert_env_log_5.py
<MAY_BACKUP_ROOT>/modules/common/insert_env_log_6.py,C:\backup\SNS_24AutoProject_FINAL_20250516_1002\modules\common\insert_env_log_6.py
<MAY_BACKUP_ROOT>/modules/common/KMAC128_3dd47cdb.py,C:\backup\SNS_24AutoProject_FINAL_20250516_1002\modules\common\KMAC128_3dd47cdb.py
<MAY_BACKUP_ROOT>/modules/common/logger.py,C:\backup\SNS_24AutoProject_FINAL_20250516_1002\modules\common\logger.py
<MAY_BACKUP_ROOT>/modules/common/log_1.py,C:\backup\SNS_24AutoProject_FINAL_20250516_1002\modules\common\log_1.py
<MAY_BACKUP_ROOT>/modules/common/my_configparser.py,C:\backup\SNS_24AutoProject_FINAL_20250516_1002\modules\common\my_configparser.py
<MAY_BACKUP_ROOT>/modules/common/network_2.py,C:\backup\SNS_24AutoProject_FINAL_20250516_1002\modules\common\network_2.py
<MAY_BACKUP_ROOT>/modules/common/network_3.py,C:\backup\SNS_24AutoProject_FINAL_20250516_1002\modules\common\network_3.py
<MAY_BACKUP_ROOT>/modules/common/net_socket_engine.py,C:\backup\SNS_24AutoProject_FINAL_20250516_1002\modules\common\net_socket_engine.py
<MAY_BACKUP_ROOT>/modules/common/optimize_trace_log_db.py,C:\backup\SNS_24AutoProject_FINAL_20250516_1002\modules\common\optimize_trace_log_db.py
<MAY_BACKUP_ROOT>/modules/common/page_1.py,C:\backup\SNS_24AutoProject_FINAL_20250516_1002\modules\common\page_1.py
<MAY_BACKUP_ROOT>/modules/common/polyutils.py,C:\backup\SNS_24AutoProject_FINAL_20250516_1002\modules\common\polyutils.py
<MAY_BACKUP_ROOT>/modules/common/preload_1.py,C:\backup\SNS_24AutoProject_FINAL_20250516_1002\modules\common\preload_1.py
<MAY_BACKUP_ROOT>/modules/common/proj_concurrent.py,C:\backup\SNS_24AutoProject_FINAL_20250516_1002\modules\common\proj_concurrent.py
<MAY_BACKUP_ROOT>/modules/common/proxy_accf0cdb.py,C:\backup\SNS_24AutoProject_FINAL_20250516_1002\modules\common\proxy_accf0cdb.py
<MAY_BACKUP_ROOT>/modules/common/random_custom.py,C:\backup\SNS_24AutoProject_FINAL_20250516_1002\modules\common\random_custom.py
<MAY_BACKUP_ROOT>/modules/common/rand_util_core.py,C:\backup\SNS_24AutoProject_FINAL_20250516_1002\modules\common\rand_util_core.py
<MAY_BACKUP_ROOT>/modules/common/safe_ssl.py,C:\backup\SNS_24AutoProject_FINAL_20250516_1002\modules\common\safe_ssl.py
<MAY_BACKUP_ROOT>/modules/common/script_1.py,C:\backup\SNS_24AutoProject_FINAL_20250516_1002\modules\common\script_1.py
<MAY_BACKUP_ROOT>/modules/common/session_1.py,C:\backup\SNS_24AutoProject_FINAL_20250516_1002\modules\common\session_1.py
<MAY_BACKUP_ROOT>/modules/common/std.py,C:\backup\SNS_24AutoProject_FINAL_20250516_1002\modules\common\std.py
<MAY_BACKUP_ROOT>/modules/common/storage_1.py,C:\backup\SNS_24AutoProject_FINAL_20250516_1002\modules\common\storage_1.py
<MAY_BACKUP_ROOT>/modules/common/st_common_2.py,C:\backup\SNS_24AutoProject_FINAL_20250516_1002\modules\common\st_common_2.py
<MAY_BACKUP_ROOT>/modules/common/st_common_3.py,C:\backup\SNS_24AutoProject_FINAL_20250516_1002\modules\common\st_common_3.py
<MAY_BACKUP_ROOT>/modules/common/tags_344cfcdb.py,C:\backup\SNS_24AutoProject_FINAL_20250516_1002\modules\common\tags_344cfcdb.py
<MAY_BACKUP_ROOT>/modules/common/time_helper.py,C:\backup\SNS_24AutoProject_FINAL_20250516_1002\modules\common\time_helper.py
<MAY_BACKUP_ROOT>/modules/common/unicode_utils.py,C:\backup\SNS_24AutoProject_FINAL_20250516_1002\modules\common\unicode_utils.py
<MAY_BACKUP_ROOT>/modules/common/utils.py,C:\backup\SNS_24AutoProject_FINAL_20250516_1002\modules\common\utils.py
<MAY_BACKUP_ROOT>/modules/common/_core.py,C:\backup\SNS_24AutoProject_FINAL_20250516_1002\modules\common\_core.py
<MAY_BACKUP_ROOT>/modules/common/_distutils.py,C:\backup\SNS_24AutoProject_FINAL_20250516_1002\modules\common\_distutils.py
<MAY_BACKUP_ROOT>/modules/common/_io_common_1.py,C:\backup\SNS_24AutoProject_FINAL_20250516_1002\modules\common\_io_common_1.py
<MAY_BACKUP_ROOT>/modules/common/_mapping_04f7dcdb.py,C:\backup\SNS_24AutoProject_FINAL_20250516_1002\modules\common\_mapping_04f7dcdb.py
<MAY_BACKUP_ROOT>/modules/common/_mode_cfb_61b4dddb.py,C:\backup\SNS_24AutoProject_FINAL_20250516_1002\modules\common\_mode_cfb_61b4dddb.py
<MAY_BACKUP_ROOT>/modules/common/_monitor.py,C:\backup\SNS_24AutoProject_FINAL_20250516_1002\modules\common\_monitor.py
<MAY_BACKUP_ROOT>/modules/common/_shimmed_dist_utils.py,C:\backup\SNS_24AutoProject_FINAL_20250516_1002\modules\common\_shimmed_dist_utils.py
<MAY_BACKUP_ROOT>/modules/common/_utils.py,C:\backup\SNS_24AutoProject_FINAL_20250516_1002\modules\common\_utils.py
<MAY_BACKUP_ROOT>/modules/common/__init___a3f0ecdb.py,C:\backup\SNS_24AutoProject_FINAL_20250516_1002\modules\common\__init___a3f0ecdb.py
<MAY_BACKUP_ROOT>/modules/common/__local_datetime.py,C:\backup\SNS_24AutoProject_FINAL_20250516_1002\modules\common\__local_datetime.py
<MAY_BACKUP_ROOT>/modules/common/__pycache__/logger.cpython-310.pyc,C:\backup\SNS_24AutoProject_FINAL_20250516_1002\modules\common\__pycache__\logger.cpython-310.pyc
<MAY_BACKUP_ROOT>/modules/core/__pycache__/main_features.cpython-310.pyc,C:\backup\SNS_24AutoProject_FINAL_20250516_1002\modules\core\__pycache__\main_features.cpython-310.pyc
<MAY_BACKUP_ROOT>/modules/core/__pycache__/__init__.cpython-310.pyc,C:\backup\SNS_24AutoProject_FINAL_20250516_1002\modules\core\__pycache__\__init__.cpython-310.pyc
<MAY_BACKUP_ROOT>/modules/dm/bot.py,C:\backup\SNS_24AutoProject_FINAL_20250516_1002\modules\dm\bot.py
<MAY_BACKUP_ROOT>/modules/dm/bot_archive.py,C:\backup\SNS_24AutoProject_FINAL_20250516_1002\modules\dm\bot_archive.py
<MAY_BACKUP_ROOT>/modules/dm/bot_block.py,C:\backup\SNS_24AutoProject_FINAL_20250516_1002\modules\dm\bot_block.py
<MAY_BACKUP_ROOT>/modules/dm/bot_cache.py,C:\backup\SNS_24AutoProject_FINAL_20250516_1002\modules\dm\bot_cache.py
<MAY_BACKUP_ROOT>/modules/dm/bot_checkpoint.py,C:\backup\SNS_24AutoProject_FINAL_20250516_1002\modules\dm\bot_checkpoint.py
<MAY_BACKUP_ROOT>/modules/dm/bot_comment.py,C:\backup\SNS_24AutoProject_FINAL_20250516_1002\modules\dm\bot_comment.py
<MAY_BACKUP_ROOT>/modules/dm/bot_delete.py,C:\backup\SNS_24AutoProject_FINAL_20250516_1002\modules\dm\bot_delete.py
<MAY_BACKUP_ROOT>/modules/dm/bot_direct.py,C:\backup\SNS_24AutoProject_FINAL_20250516_1002\modules\dm\bot_direct.py
<MAY_BACKUP_ROOT>/modules/dm/bot_filter.py,C:\backup\SNS_24AutoProject_FINAL_20250516_1002\modules\dm\bot_filter.py
<MAY_BACKUP_ROOT>/modules/dm/bot_follow.py,C:\backup\SNS_24AutoProject_FINAL_20250516_1002\modules\dm\bot_follow.py
<MAY_BACKUP_ROOT>/modules/dm/bot_get.py,C:\backup\SNS_24AutoProject_FINAL_20250516_1002\modules\dm\bot_get.py
<MAY_BACKUP_ROOT>/modules/dm/bot_like.py,C:\backup\SNS_24AutoProject_FINAL_20250516_1002\modules\dm\bot_like.py
<MAY_BACKUP_ROOT>/modules/dm/bot_like_6dbb9223.py,C:\backup\SNS_24AutoProject_FINAL_20250516_1002\modules\dm\bot_like_6dbb9223.py
<MAY_BACKUP_ROOT>/modules/dm/bot_photo.py,C:\backup\SNS_24AutoProject_FINAL_20250516_1002\modules\dm\bot_photo.py
<MAY_BACKUP_ROOT>/modules/dm/bot_state.py,C:\backup\SNS_24AutoProject_FINAL_20250516_1002\modules\dm\bot_state.py
<MAY_BACKUP_ROOT>/modules/dm/bot_stats.py,C:\backup\SNS_24AutoProject_FINAL_20250516_1002\modules\dm\bot_stats.py
<MAY_BACKUP_ROOT>/modules/dm/bot_story.py,C:\backup\SNS_24AutoProject_FINAL_20250516_1002\modules\dm\bot_story.py
<MAY_BACKUP_ROOT>/modules/dm/bot_support.py,C:\backup\SNS_24AutoProject_FINAL_20250516_1002\modules\dm\bot_support.py
<MAY_BACKUP_ROOT>/modules/dm/bot_unfollow.py,C:\backup\SNS_24AutoProject_FINAL_20250516_1002\modules\dm\bot_unfollow.py
<MAY_BACKUP_ROOT>/modules/dm/bot_unlike.py,C:\backup\SNS_24AutoProject_FINAL_20250516_1002\modules\dm\bot_unlike.py
<MAY_BACKUP_ROOT>/modules/dm/bot_video.py,C:\backup\SNS_24AutoProject_FINAL_20250516_1002\modules\dm\bot_video.py
<MAY_BACKUP_ROOT>/modules/metrics/collector.py,C:\backup\SNS_24AutoProject_FINAL_20250516_1002\modules\metrics\collector.py
<MAY_BACKUP_ROOT>/modules/queue/_entry_queue.py,C:\backup\SNS_24AutoProject_FINAL_20250516_1002\modules\queue\_entry_queue.py
<MAY_BACKUP_ROOT>/modules/queue/_unbounded_queue.py,C:\backup\SNS_24AutoProject_FINAL_20250516_1002\modules\queue\_unbounded_queue.py
<MAY_BACKUP_ROOT>/modules/sns/wf_instagram_scheduler.py,C:\backup\SNS_24AutoProject_FINAL_20250516_1002\modules\sns\wf_instagram_scheduler.py
<MAY_BACKUP_ROOT>/modules/__pycache__/account_runner.cpython-310.pyc,C:\backup\SNS_24AutoProject_FINAL_20250516_1002\modules\__pycache__\account_runner.cpython-310.pyc
<MAY_BACKUP_ROOT>/modules/__pycache__/__init__.cpython-310.pyc,C:\backup\SNS_24AutoProject_FINAL_20250516_1002\modules\__pycache__\__init__.cpython-310.pyc
<MAY_BACKUP_ROOT>/recovery/recovery_file_restorer.py,C:\backup\SNS_24AutoProject_FINAL_20250516_1002\recovery\recovery_file_restorer.py
<MAY_BACKUP_ROOT>/reports/gen_exports.py,C:\backup\SNS_24AutoProject_FINAL_20250516_1002\reports\gen_exports.py
<MAY_BACKUP_ROOT>/reports/gen_exports_1761c9be.py,C:\backup\SNS_24AutoProject_FINAL_20250516_1002\reports\gen_exports_1761c9be.py
<MAY_BACKUP_ROOT>/reports/gen_exports_6.py,C:\backup\SNS_24AutoProject_FINAL_20250516_1002\reports\gen_exports_6.py
<MAY_BACKUP_ROOT>/reports/summary_report_writer.py,C:\backup\SNS_24AutoProject_FINAL_20250516_1002\reports\summary_report_writer.py
<MAY_BACKUP_ROOT>/scripts/auto_backup_logtrace_6.py,C:\backup\SNS_24AutoProject_FINAL_20250516_1002\scripts\auto_backup_logtrace_6.py
<MAY_BACKUP_ROOT>/scripts/auto_send_gitlog_webhook_2.py,C:\backup\SNS_24AutoProject_FINAL_20250516_1002\scripts\auto_send_gitlog_webhook_2.py
<MAY_BACKUP_ROOT>/scripts/build_scripts.py,C:\backup\SNS_24AutoProject_FINAL_20250516_1002\scripts\build_scripts.py
<MAY_BACKUP_ROOT>/scripts/create_release_package_2.py,C:\backup\SNS_24AutoProject_FINAL_20250516_1002\scripts\create_release_package_2.py
<MAY_BACKUP_ROOT>/scripts/enerate_log_statistics_6.py,C:\backup\SNS_24AutoProject_FINAL_20250516_1002\scripts\enerate_log_statistics_6.py
<MAY_BACKUP_ROOT>/scripts/export_all_logtables.py,C:\backup\SNS_24AutoProject_FINAL_20250516_1002\scripts\export_all_logtables.py
<MAY_BACKUP_ROOT>/scripts/export_all_logtables_1.py,C:\backup\SNS_24AutoProject_FINAL_20250516_1002\scripts\export_all_logtables_1.py
<MAY_BACKUP_ROOT>/scripts/export_all_logtables_to_excel.py,C:\backup\SNS_24AutoProject_FINAL_20250516_1002\scripts\export_all_logtables_to_excel.py
<MAY_BACKUP_ROOT>/scripts/export_all_logtables_to_excel_1.py,C:\backup\SNS_24AutoProject_FINAL_20250516_1002\scripts\export_all_logtables_to_excel_1.py
<MAY_BACKUP_ROOT>/scripts/export_all_logtables_to_excel_2.py,C:\backup\SNS_24AutoProject_FINAL_20250516_1002\scripts\export_all_logtables_to_excel_2.py
<MAY_BACKUP_ROOT>/scripts/export_all_logtables_to_excel_3.py,C:\backup\SNS_24AutoProject_FINAL_20250516_1002\scripts\export_all_logtables_to_excel_3.py
<MAY_BACKUP_ROOT>/scripts/export_all_logtables_to_excel_4.py,C:\backup\SNS_24AutoProject_FINAL_20250516_1002\scripts\export_all_logtables_to_excel_4.py
<MAY_BACKUP_ROOT>/scripts/export_all_logtables_to_excel_5.py,C:\backup\SNS_24AutoProject_FINAL_20250516_1002\scripts\export_all_logtables_to_excel_5.py
<MAY_BACKUP_ROOT>/scripts/export_all_logtables_to_excel_6.py,C:\backup\SNS_24AutoProject_FINAL_20250516_1002\scripts\export_all_logtables_to_excel_6.py
<MAY_BACKUP_ROOT>/scripts/export_all_tables_with_datetime.py,C:\backup\SNS_24AutoProject_FINAL_20250516_1002\scripts\export_all_tables_with_datetime.py
<MAY_BACKUP_ROOT>/scripts/export_all_tables_with_datetime_1.py,C:\backup\SNS_24AutoProject_FINAL_20250516_1002\scripts\export_all_tables_with_datetime_1.py
<MAY_BACKUP_ROOT>/scripts/export_all_tables_with_datetime_2.py,C:\backup\SNS_24AutoProject_FINAL_20250516_1002\scripts\export_all_tables_with_datetime_2.py
<MAY_BACKUP_ROOT>/scripts/export_all_tables_with_datetime_3.py,C:\backup\SNS_24AutoProject_FINAL_20250516_1002\scripts\export_all_tables_with_datetime_3.py
<MAY_BACKUP_ROOT>/scripts/export_all_tables_with_datetime_4.py,C:\backup\SNS_24AutoProject_FINAL_20250516_1002\scripts\export_all_tables_with_datetime_4.py
<MAY_BACKUP_ROOT>/scripts/export_all_tables_with_datetime_5.py,C:\backup\SNS_24AutoProject_FINAL_20250516_1002\scripts\export_all_tables_with_datetime_5.py
<MAY_BACKUP_ROOT>/scripts/export_all_tables_with_datetime_6.py,C:\backup\SNS_24AutoProject_FINAL_20250516_1002\scripts\export_all_tables_with_datetime_6.py
<MAY_BACKUP_ROOT>/scripts/export_all_table_row_counts.py,C:\backup\SNS_24AutoProject_FINAL_20250516_1002\scripts\export_all_table_row_counts.py
<MAY_BACKUP_ROOT>/scripts/export_all_table_row_counts_1.py,C:\backup\SNS_24AutoProject_FINAL_20250516_1002\scripts\export_all_table_row_counts_1.py
<MAY_BACKUP_ROOT>/scripts/export_all_table_row_counts_2.py,C:\backup\SNS_24AutoProject_FINAL_20250516_1002\scripts\export_all_table_row_counts_2.py
<MAY_BACKUP_ROOT>/scripts/export_all_table_row_counts_3.py,C:\backup\SNS_24AutoProject_FINAL_20250516_1002\scripts\export_all_table_row_counts_3.py
<MAY_BACKUP_ROOT>/scripts/export_all_table_row_counts_4.py,C:\backup\SNS_24AutoProject_FINAL_20250516_1002\scripts\export_all_table_row_counts_4.py
<MAY_BACKUP_ROOT>/scripts/export_all_table_row_counts_5.py,C:\backup\SNS_24AutoProject_FINAL_20250516_1002\scripts\export_all_table_row_counts_5.py
<MAY_BACKUP_ROOT>/scripts/export_all_table_row_counts_6.py,C:\backup\SNS_24AutoProject_FINAL_20250516_1002\scripts\export_all_table_row_counts_6.py
<MAY_BACKUP_ROOT>/scripts/export_command_log.py,C:\backup\SNS_24AutoProject_FINAL_20250516_1002\scripts\export_command_log.py
<MAY_BACKUP_ROOT>/scripts/export_command_log_1.py,C:\backup\SNS_24AutoProject_FINAL_20250516_1002\scripts\export_command_log_1.py
<MAY_BACKUP_ROOT>/scripts/export_command_log_2.py,C:\backup\SNS_24AutoProject_FINAL_20250516_1002\scripts\export_command_log_2.py
<MAY_BACKUP_ROOT>/scripts/export_command_log_3.py,C:\backup\SNS_24AutoProject_FINAL_20250516_1002\scripts\export_command_log_3.py
<MAY_BACKUP_ROOT>/scripts/export_command_log_4.py,C:\backup\SNS_24AutoProject_FINAL_20250516_1002\scripts\export_command_log_4.py
<MAY_BACKUP_ROOT>/scripts/export_command_log_5.py,C:\backup\SNS_24AutoProject_FINAL_20250516_1002\scripts\export_command_log_5.py
<MAY_BACKUP_ROOT>/scripts/export_command_log_6.py,C:\backup\SNS_24AutoProject_FINAL_20250516_1002\scripts\export_command_log_6.py
<MAY_BACKUP_ROOT>/scripts/export_db_schema_to_csv.py,C:\backup\SNS_24AutoProject_FINAL_20250516_1002\scripts\export_db_schema_to_csv.py
<MAY_BACKUP_ROOT>/scripts/export_db_snapshot_excel.py,C:\backup\SNS_24AutoProject_FINAL_20250516_1002\scripts\export_db_snapshot_excel.py
<MAY_BACKUP_ROOT>/scripts/export_disk_log.py,C:\backup\SNS_24AutoProject_FINAL_20250516_1002\scripts\export_disk_log.py
<MAY_BACKUP_ROOT>/scripts/export_disk_log_1.py,C:\backup\SNS_24AutoProject_FINAL_20250516_1002\scripts\export_disk_log_1.py
<MAY_BACKUP_ROOT>/scripts/export_disk_log_2.py,C:\backup\SNS_24AutoProject_FINAL_20250516_1002\scripts\export_disk_log_2.py
<MAY_BACKUP_ROOT>/scripts/export_disk_log_3.py,C:\backup\SNS_24AutoProject_FINAL_20250516_1002\scripts\export_disk_log_3.py
<MAY_BACKUP_ROOT>/scripts/export_disk_log_4.py,C:\backup\SNS_24AutoProject_FINAL_20250516_1002\scripts\export_disk_log_4.py
<MAY_BACKUP_ROOT>/scripts/export_disk_log_5.py,C:\backup\SNS_24AutoProject_FINAL_20250516_1002\scripts\export_disk_log_5.py
<MAY_BACKUP_ROOT>/scripts/export_disk_log_6.py,C:\backup\SNS_24AutoProject_FINAL_20250516_1002\scripts\export_disk_log_6.py
<MAY_BACKUP_ROOT>/scripts/export_env_log.py,C:\backup\SNS_24AutoProject_FINAL_20250516_1002\scripts\export_env_log.py
<MAY_BACKUP_ROOT>/scripts/export_env_log_1.py,C:\backup\SNS_24AutoProject_FINAL_20250516_1002\scripts\export_env_log_1.py
<MAY_BACKUP_ROOT>/scripts/export_env_log_2.py,C:\backup\SNS_24AutoProject_FINAL_20250516_1002\scripts\export_env_log_2.py
<MAY_BACKUP_ROOT>/scripts/export_env_log_3.py,C:\backup\SNS_24AutoProject_FINAL_20250516_1002\scripts\export_env_log_3.py
<MAY_BACKUP_ROOT>/scripts/export_env_log_4.py,C:\backup\SNS_24AutoProject_FINAL_20250516_1002\scripts\export_env_log_4.py
<MAY_BACKUP_ROOT>/scripts/export_env_log_5.py,C:\backup\SNS_24AutoProject_FINAL_20250516_1002\scripts\export_env_log_5.py
<MAY_BACKUP_ROOT>/scripts/export_env_log_6.py,C:\backup\SNS_24AutoProject_FINAL_20250516_1002\scripts\export_env_log_6.py
<MAY_BACKUP_ROOT>/scripts/export_feedback_log.py,C:\backup\SNS_24AutoProject_FINAL_20250516_1002\scripts\export_feedback_log.py
<MAY_BACKUP_ROOT>/scripts/export_feedback_log_1.py,C:\backup\SNS_24AutoProject_FINAL_20250516_1002\scripts\export_feedback_log_1.py
<MAY_BACKUP_ROOT>/scripts/export_git_commits_to_csv.py,C:\backup\SNS_24AutoProject_FINAL_20250516_1002\scripts\export_git_commits_to_csv.py
<MAY_BACKUP_ROOT>/scripts/export_hook_logs_to_csv.py,C:\backup\SNS_24AutoProject_FINAL_20250516_1002\scripts\export_hook_logs_to_csv.py
<MAY_BACKUP_ROOT>/scripts/export_hook_logs_to_csv_1.py,C:\backup\SNS_24AutoProject_FINAL_20250516_1002\scripts\export_hook_logs_to_csv_1.py
<MAY_BACKUP_ROOT>/scripts/export_hook_logs_to_csv_2.py,C:\backup\SNS_24AutoProject_FINAL_20250516_1002\scripts\export_hook_logs_to_csv_2.py
<MAY_BACKUP_ROOT>/scripts/export_hook_logs_to_csv_3.py,C:\backup\SNS_24AutoProject_FINAL_20250516_1002\scripts\export_hook_logs_to_csv_3.py
<MAY_BACKUP_ROOT>/scripts/export_hook_logs_to_csv_4.py,C:\backup\SNS_24AutoProject_FINAL_20250516_1002\scripts\export_hook_logs_to_csv_4.py
<MAY_BACKUP_ROOT>/scripts/export_hook_logs_to_csv_5.py,C:\backup\SNS_24AutoProject_FINAL_20250516_1002\scripts\export_hook_logs_to_csv_5.py
<MAY_BACKUP_ROOT>/scripts/export_hook_logs_to_csv_6.py,C:\backup\SNS_24AutoProject_FINAL_20250516_1002\scripts\export_hook_logs_to_csv_6.py
<MAY_BACKUP_ROOT>/scripts/export_logtrace.py,C:\backup\SNS_24AutoProject_FINAL_20250516_1002\scripts\export_logtrace.py
<MAY_BACKUP_ROOT>/scripts/export_logtrace_1.py,C:\backup\SNS_24AutoProject_FINAL_20250516_1002\scripts\export_logtrace_1.py
<MAY_BACKUP_ROOT>/scripts/export_logtrace_2.py,C:\backup\SNS_24AutoProject_FINAL_20250516_1002\scripts\export_logtrace_2.py
<MAY_BACKUP_ROOT>/scripts/export_logtrace_3.py,C:\backup\SNS_24AutoProject_FINAL_20250516_1002\scripts\export_logtrace_3.py
<MAY_BACKUP_ROOT>/scripts/export_logtrace_4.py,C:\backup\SNS_24AutoProject_FINAL_20250516_1002\scripts\export_logtrace_4.py
<MAY_BACKUP_ROOT>/scripts/export_logtrace_5.py,C:\backup\SNS_24AutoProject_FINAL_20250516_1002\scripts\export_logtrace_5.py
<MAY_BACKUP_ROOT>/scripts/export_logtrace_6.py,C:\backup\SNS_24AutoProject_FINAL_20250516_1002\scripts\export_logtrace_6.py
<MAY_BACKUP_ROOT>/scripts/export_logtrace_table.py,C:\backup\SNS_24AutoProject_FINAL_20250516_1002\scripts\export_logtrace_table.py
<MAY_BACKUP_ROOT>/scripts/export_logtrace_table_1.py,C:\backup\SNS_24AutoProject_FINAL_20250516_1002\scripts\export_logtrace_table_1.py
<MAY_BACKUP_ROOT>/scripts/export_logtrace_to_csv.py,C:\backup\SNS_24AutoProject_FINAL_20250516_1002\scripts\export_logtrace_to_csv.py
<MAY_BACKUP_ROOT>/scripts/export_logtrace_to_csv_1.py,C:\backup\SNS_24AutoProject_FINAL_20250516_1002\scripts\export_logtrace_to_csv_1.py
<MAY_BACKUP_ROOT>/scripts/export_logtrace_to_csv_2.py,C:\backup\SNS_24AutoProject_FINAL_20250516_1002\scripts\export_logtrace_to_csv_2.py
<MAY_BACKUP_ROOT>/scripts/export_logtrace_to_csv_3.py,C:\backup\SNS_24AutoProject_FINAL_20250516_1002\scripts\export_logtrace_to_csv_3.py
<MAY_BACKUP_ROOT>/scripts/export_logtrace_to_csv_4.py,C:\backup\SNS_24AutoProject_FINAL_20250516_1002\scripts\export_logtrace_to_csv_4.py
<MAY_BACKUP_ROOT>/scripts/export_logtrace_to_csv_5.py,C:\backup\SNS_24AutoProject_FINAL_20250516_1002\scripts\export_logtrace_to_csv_5.py
<MAY_BACKUP_ROOT>/scripts/export_logtrace_to_csv_6.py,C:\backup\SNS_24AutoProject_FINAL_20250516_1002\scripts\export_logtrace_to_csv_6.py
<MAY_BACKUP_ROOT>/scripts/export_logtrace_to_csv_with_datetime.py,C:\backup\SNS_24AutoProject_FINAL_20250516_1002\scripts\export_logtrace_to_csv_with_datetime.py
<MAY_BACKUP_ROOT>/scripts/export_logtrace_to_csv_with_datetime_1.py,C:\backup\SNS_24AutoProject_FINAL_20250516_1002\scripts\export_logtrace_to_csv_with_datetime_1.py
<MAY_BACKUP_ROOT>/scripts/export_logtrace_to_csv_with_datetime_2.py,C:\backup\SNS_24AutoProject_FINAL_20250516_1002\scripts\export_logtrace_to_csv_with_datetime_2.py
<MAY_BACKUP_ROOT>/scripts/export_logtrace_to_csv_with_datetime_3.py,C:\backup\SNS_24AutoProject_FINAL_20250516_1002\scripts\export_logtrace_to_csv_with_datetime_3.py
<MAY_BACKUP_ROOT>/scripts/export_logtrace_to_csv_with_datetime_4.py,C:\backup\SNS_24AutoProject_FINAL_20250516_1002\scripts\export_logtrace_to_csv_with_datetime_4.py
<MAY_BACKUP_ROOT>/scripts/export_logtrace_to_csv_with_datetime_5.py,C:\backup\SNS_24AutoProject_FINAL_20250516_1002\scripts\export_logtrace_to_csv_with_datetime_5.py
<MAY_BACKUP_ROOT>/scripts/export_logtrace_to_csv_with_datetime_6.py,C:\backup\SNS_24AutoProject_FINAL_20250516_1002\scripts\export_logtrace_to_csv_with_datetime_6.py
<MAY_BACKUP_ROOT>/scripts/export_logtrace_to_excel.py,C:\backup\SNS_24AutoProject_FINAL_20250516_1002\scripts\export_logtrace_to_excel.py
<MAY_BACKUP_ROOT>/scripts/export_logtrace_to_excel_1.py,C:\backup\SNS_24AutoProject_FINAL_20250516_1002\scripts\export_logtrace_to_excel_1.py
<MAY_BACKUP_ROOT>/scripts/export_logtrace_to_excel_2.py,C:\backup\SNS_24AutoProject_FINAL_20250516_1002\scripts\export_logtrace_to_excel_2.py
<MAY_BACKUP_ROOT>/scripts/export_logtrace_to_excel_3.py,C:\backup\SNS_24AutoProject_FINAL_20250516_1002\scripts\export_logtrace_to_excel_3.py
<MAY_BACKUP_ROOT>/scripts/export_logtrace_to_excel_4.py,C:\backup\SNS_24AutoProject_FINAL_20250516_1002\scripts\export_logtrace_to_excel_4.py
<MAY_BACKUP_ROOT>/scripts/export_logtrace_to_excel_5.py,C:\backup\SNS_24AutoProject_FINAL_20250516_1002\scripts\export_logtrace_to_excel_5.py
<MAY_BACKUP_ROOT>/scripts/export_logtrace_to_excel_6.py,C:\backup\SNS_24AutoProject_FINAL_20250516_1002\scripts\export_logtrace_to_excel_6.py
<MAY_BACKUP_ROOT>/scripts/export_logtrace_to_excel_with_datetime.py,C:\backup\SNS_24AutoProject_FINAL_20250516_1002\scripts\export_logtrace_to_excel_with_datetime.py
<MAY_BACKUP_ROOT>/scripts/export_logtrace_to_excel_with_datetime_1.py,C:\backup\SNS_24AutoProject_FINAL_20250516_1002\scripts\export_logtrace_to_excel_with_datetime_1.py
<MAY_BACKUP_ROOT>/scripts/export_logtrace_to_excel_with_datetime_2.py,C:\backup\SNS_24AutoProject_FINAL_20250516_1002\scripts\export_logtrace_to_excel_with_datetime_2.py
<MAY_BACKUP_ROOT>/scripts/export_logtrace_to_excel_with_datetime_3.py,C:\backup\SNS_24AutoProject_FINAL_20250516_1002\scripts\export_logtrace_to_excel_with_datetime_3.py
<MAY_BACKUP_ROOT>/scripts/export_logtrace_to_excel_with_datetime_4.py,C:\backup\SNS_24AutoProject_FINAL_20250516_1002\scripts\export_logtrace_to_excel_with_datetime_4.py
<MAY_BACKUP_ROOT>/scripts/export_logtrace_to_excel_with_datetime_5.py,C:\backup\SNS_24AutoProject_FINAL_20250516_1002\scripts\export_logtrace_to_excel_with_datetime_5.py
<MAY_BACKUP_ROOT>/scripts/export_logtrace_to_excel_with_datetime_6.py,C:\backup\SNS_24AutoProject_FINAL_20250516_1002\scripts\export_logtrace_to_excel_with_datetime_6.py
<MAY_BACKUP_ROOT>/scripts/export_logtrace_with_datetime.py,C:\backup\SNS_24AutoProject_FINAL_20250516_1002\scripts\export_logtrace_with_datetime.py
<MAY_BACKUP_ROOT>/scripts/export_logtrace_with_datetime_1.py,C:\backup\SNS_24AutoProject_FINAL_20250516_1002\scripts\export_logtrace_with_datetime_1.py
<MAY_BACKUP_ROOT>/scripts/export_logtrace_with_datetime_2.py,C:\backup\SNS_24AutoProject_FINAL_20250516_1002\scripts\export_logtrace_with_datetime_2.py
<MAY_BACKUP_ROOT>/scripts/export_logtrace_with_datetime_3.py,C:\backup\SNS_24AutoProject_FINAL_20250516_1002\scripts\export_logtrace_with_datetime_3.py
<MAY_BACKUP_ROOT>/scripts/export_logtrace_with_datetime_4.py,C:\backup\SNS_24AutoProject_FINAL_20250516_1002\scripts\export_logtrace_with_datetime_4.py
<MAY_BACKUP_ROOT>/scripts/export_logtrace_with_datetime_5.py,C:\backup\SNS_24AutoProject_FINAL_20250516_1002\scripts\export_logtrace_with_datetime_5.py
<MAY_BACKUP_ROOT>/scripts/export_logtrace_with_datetime_6.py,C:\backup\SNS_24AutoProject_FINAL_20250516_1002\scripts\export_logtrace_with_datetime_6.py
<MAY_BACKUP_ROOT>/scripts/export_logtrace_with_datetime_csv.py,C:\backup\SNS_24AutoProject_FINAL_20250516_1002\scripts\export_logtrace_with_datetime_csv.py
<MAY_BACKUP_ROOT>/scripts/export_logtrace_with_datetime_csv_1.py,C:\backup\SNS_24AutoProject_FINAL_20250516_1002\scripts\export_logtrace_with_datetime_csv_1.py
<MAY_BACKUP_ROOT>/scripts/export_logtrace_with_datetime_csv_2.py,C:\backup\SNS_24AutoProject_FINAL_20250516_1002\scripts\export_logtrace_with_datetime_csv_2.py
<MAY_BACKUP_ROOT>/scripts/export_logtrace_with_datetime_csv_3.py,C:\backup\SNS_24AutoProject_FINAL_20250516_1002\scripts\export_logtrace_with_datetime_csv_3.py
<MAY_BACKUP_ROOT>/scripts/export_logtrace_with_datetime_csv_4.py,C:\backup\SNS_24AutoProject_FINAL_20250516_1002\scripts\export_logtrace_with_datetime_csv_4.py
<MAY_BACKUP_ROOT>/scripts/export_logtrace_with_datetime_csv_5.py,C:\backup\SNS_24AutoProject_FINAL_20250516_1002\scripts\export_logtrace_with_datetime_csv_5.py
<MAY_BACKUP_ROOT>/scripts/export_logtrace_with_datetime_csv_6.py,C:\backup\SNS_24AutoProject_FINAL_20250516_1002\scripts\export_logtrace_with_datetime_csv_6.py
<MAY_BACKUP_ROOT>/scripts/export_logtrace_with_os_path.py,C:\backup\SNS_24AutoProject_FINAL_20250516_1002\scripts\export_logtrace_with_os_path.py
<MAY_BACKUP_ROOT>/scripts/export_logtrace_with_os_path_1.py,C:\backup\SNS_24AutoProject_FINAL_20250516_1002\scripts\export_logtrace_with_os_path_1.py
<MAY_BACKUP_ROOT>/scripts/export_logtrace_with_os_path_2.py,C:\backup\SNS_24AutoProject_FINAL_20250516_1002\scripts\export_logtrace_with_os_path_2.py
<MAY_BACKUP_ROOT>/scripts/export_logtrace_with_os_path_3.py,C:\backup\SNS_24AutoProject_FINAL_20250516_1002\scripts\export_logtrace_with_os_path_3.py
<MAY_BACKUP_ROOT>/scripts/export_logtrace_with_os_path_4.py,C:\backup\SNS_24AutoProject_FINAL_20250516_1002\scripts\export_logtrace_with_os_path_4.py
<MAY_BACKUP_ROOT>/scripts/export_logtrace_with_os_path_5.py,C:\backup\SNS_24AutoProject_FINAL_20250516_1002\scripts\export_logtrace_with_os_path_5.py
<MAY_BACKUP_ROOT>/scripts/export_logtrace_with_os_path_6.py,C:\backup\SNS_24AutoProject_FINAL_20250516_1002\scripts\export_logtrace_with_os_path_6.py
<MAY_BACKUP_ROOT>/scripts/export_log_summary.py,C:\backup\SNS_24AutoProject_FINAL_20250516_1002\scripts\export_log_summary.py
<MAY_BACKUP_ROOT>/scripts/export_log_summary_1.py,C:\backup\SNS_24AutoProject_FINAL_20250516_1002\scripts\export_log_summary_1.py
<MAY_BACKUP_ROOT>/scripts/export_log_summary_2.py,C:\backup\SNS_24AutoProject_FINAL_20250516_1002\scripts\export_log_summary_2.py
<MAY_BACKUP_ROOT>/scripts/export_log_summary_csv_with_datetime.py,C:\backup\SNS_24AutoProject_FINAL_20250516_1002\scripts\export_log_summary_csv_with_datetime.py
<MAY_BACKUP_ROOT>/scripts/export_log_summary_csv_with_datetime_1.py,C:\backup\SNS_24AutoProject_FINAL_20250516_1002\scripts\export_log_summary_csv_with_datetime_1.py
<MAY_BACKUP_ROOT>/scripts/export_log_summary_csv_with_datetime_2.py,C:\backup\SNS_24AutoProject_FINAL_20250516_1002\scripts\export_log_summary_csv_with_datetime_2.py
<MAY_BACKUP_ROOT>/scripts/export_log_summary_csv_with_datetime_3.py,C:\backup\SNS_24AutoProject_FINAL_20250516_1002\scripts\export_log_summary_csv_with_datetime_3.py
<MAY_BACKUP_ROOT>/scripts/export_log_summary_csv_with_datetime_4.py,C:\backup\SNS_24AutoProject_FINAL_20250516_1002\scripts\export_log_summary_csv_with_datetime_4.py
<MAY_BACKUP_ROOT>/scripts/export_log_summary_csv_with_datetime_5.py,C:\backup\SNS_24AutoProject_FINAL_20250516_1002\scripts\export_log_summary_csv_with_datetime_5.py
<MAY_BACKUP_ROOT>/scripts/export_log_summary_csv_with_datetime_6.py,C:\backup\SNS_24AutoProject_FINAL_20250516_1002\scripts\export_log_summary_csv_with_datetime_6.py
<MAY_BACKUP_ROOT>/scripts/export_network_log.py,C:\backup\SNS_24AutoProject_FINAL_20250516_1002\scripts\export_network_log.py
<MAY_BACKUP_ROOT>/scripts/export_network_log_1.py,C:\backup\SNS_24AutoProject_FINAL_20250516_1002\scripts\export_network_log_1.py
<MAY_BACKUP_ROOT>/scripts/export_network_log_2.py,C:\backup\SNS_24AutoProject_FINAL_20250516_1002\scripts\export_network_log_2.py
<MAY_BACKUP_ROOT>/scripts/export_network_log_3.py,C:\backup\SNS_24AutoProject_FINAL_20250516_1002\scripts\export_network_log_3.py
<MAY_BACKUP_ROOT>/scripts/export_network_log_4.py,C:\backup\SNS_24AutoProject_FINAL_20250516_1002\scripts\export_network_log_4.py
<MAY_BACKUP_ROOT>/scripts/export_network_log_5.py,C:\backup\SNS_24AutoProject_FINAL_20250516_1002\scripts\export_network_log_5.py
<MAY_BACKUP_ROOT>/scripts/export_network_log_6.py,C:\backup\SNS_24AutoProject_FINAL_20250516_1002\scripts\export_network_log_6.py
<MAY_BACKUP_ROOT>/scripts/export_session_log.py,C:\backup\SNS_24AutoProject_FINAL_20250516_1002\scripts\export_session_log.py
<MAY_BACKUP_ROOT>/scripts/export_session_log_1.py,C:\backup\SNS_24AutoProject_FINAL_20250516_1002\scripts\export_session_log_1.py
<MAY_BACKUP_ROOT>/scripts/export_session_log_2.py,C:\backup\SNS_24AutoProject_FINAL_20250516_1002\scripts\export_session_log_2.py
<MAY_BACKUP_ROOT>/scripts/export_session_log_3.py,C:\backup\SNS_24AutoProject_FINAL_20250516_1002\scripts\export_session_log_3.py
<MAY_BACKUP_ROOT>/scripts/export_session_log_4.py,C:\backup\SNS_24AutoProject_FINAL_20250516_1002\scripts\export_session_log_4.py
<MAY_BACKUP_ROOT>/scripts/export_session_log_5.py,C:\backup\SNS_24AutoProject_FINAL_20250516_1002\scripts\export_session_log_5.py
<MAY_BACKUP_ROOT>/scripts/export_session_log_6.py,C:\backup\SNS_24AutoProject_FINAL_20250516_1002\scripts\export_session_log_6.py
<MAY_BACKUP_ROOT>/scripts/export_session_qasummary.py,C:\backup\SNS_24AutoProject_FINAL_20250516_1002\scripts\export_session_qasummary.py
<MAY_BACKUP_ROOT>/scripts/export_session_results_to_csv.py,C:\backup\SNS_24AutoProject_FINAL_20250516_1002\scripts\export_session_results_to_csv.py
<MAY_BACKUP_ROOT>/scripts/export_session_results_to_csv_1.py,C:\backup\SNS_24AutoProject_FINAL_20250516_1002\scripts\export_session_results_to_csv_1.py
<MAY_BACKUP_ROOT>/scripts/export_session_results_to_csv_2.py,C:\backup\SNS_24AutoProject_FINAL_20250516_1002\scripts\export_session_results_to_csv_2.py
<MAY_BACKUP_ROOT>/scripts/export_session_results_to_csv_3.py,C:\backup\SNS_24AutoProject_FINAL_20250516_1002\scripts\export_session_results_to_csv_3.py
<MAY_BACKUP_ROOT>/scripts/export_session_results_to_csv_4.py,C:\backup\SNS_24AutoProject_FINAL_20250516_1002\scripts\export_session_results_to_csv_4.py
<MAY_BACKUP_ROOT>/scripts/export_session_results_to_csv_5.py,C:\backup\SNS_24AutoProject_FINAL_20250516_1002\scripts\export_session_results_to_csv_5.py
<MAY_BACKUP_ROOT>/scripts/export_session_results_to_csv_6.py,C:\backup\SNS_24AutoProject_FINAL_20250516_1002\scripts\export_session_results_to_csv_6.py
<MAY_BACKUP_ROOT>/scripts/export_session_results_to_csv_with_datetime.py,C:\backup\SNS_24AutoProject_FINAL_20250516_1002\scripts\export_session_results_to_csv_with_datetime.py
<MAY_BACKUP_ROOT>/scripts/export_session_results_to_csv_with_datetime_1.py,C:\backup\SNS_24AutoProject_FINAL_20250516_1002\scripts\export_session_results_to_csv_with_datetime_1.py
<MAY_BACKUP_ROOT>/scripts/export_session_results_to_csv_with_datetime_2.py,C:\backup\SNS_24AutoProject_FINAL_20250516_1002\scripts\export_session_results_to_csv_with_datetime_2.py
<MAY_BACKUP_ROOT>/scripts/export_session_results_to_csv_with_datetime_3.py,C:\backup\SNS_24AutoProject_FINAL_20250516_1002\scripts\export_session_results_to_csv_with_datetime_3.py
<MAY_BACKUP_ROOT>/scripts/export_session_results_to_csv_with_datetime_4.py,C:\backup\SNS_24AutoProject_FINAL_20250516_1002\scripts\export_session_results_to_csv_with_datetime_4.py
<MAY_BACKUP_ROOT>/scripts/export_session_results_to_csv_with_datetime_5.py,C:\backup\SNS_24AutoProject_FINAL_20250516_1002\scripts\export_session_results_to_csv_with_datetime_5.py
<MAY_BACKUP_ROOT>/scripts/export_session_results_to_csv_with_datetime_6.py,C:\backup\SNS_24AutoProject_FINAL_20250516_1002\scripts\export_session_results_to_csv_with_datetime_6.py
<MAY_BACKUP_ROOT>/scripts/export_session_results_with_datetime.py,C:\backup\SNS_24AutoProject_FINAL_20250516_1002\scripts\export_session_results_with_datetime.py
<MAY_BACKUP_ROOT>/scripts/export_session_results_with_datetime_1.py,C:\backup\SNS_24AutoProject_FINAL_20250516_1002\scripts\export_session_results_with_datetime_1.py
<MAY_BACKUP_ROOT>/scripts/export_session_results_with_datetime_2.py,C:\backup\SNS_24AutoProject_FINAL_20250516_1002\scripts\export_session_results_with_datetime_2.py
<MAY_BACKUP_ROOT>/scripts/export_session_results_with_datetime_3.py,C:\backup\SNS_24AutoProject_FINAL_20250516_1002\scripts\export_session_results_with_datetime_3.py
<MAY_BACKUP_ROOT>/scripts/export_session_results_with_datetime_4.py,C:\backup\SNS_24AutoProject_FINAL_20250516_1002\scripts\export_session_results_with_datetime_4.py
<MAY_BACKUP_ROOT>/scripts/export_session_results_with_datetime_5.py,C:\backup\SNS_24AutoProject_FINAL_20250516_1002\scripts\export_session_results_with_datetime_5.py
<MAY_BACKUP_ROOT>/scripts/export_session_results_with_datetime_6.py,C:\backup\SNS_24AutoProject_FINAL_20250516_1002\scripts\export_session_results_with_datetime_6.py
<MAY_BACKUP_ROOT>/scripts/export_session_results_with_datetime_excel.py,C:\backup\SNS_24AutoProject_FINAL_20250516_1002\scripts\export_session_results_with_datetime_excel.py
<MAY_BACKUP_ROOT>/scripts/export_session_results_with_datetime_excel_1.py,C:\backup\SNS_24AutoProject_FINAL_20250516_1002\scripts\export_session_results_with_datetime_excel_1.py
<MAY_BACKUP_ROOT>/scripts/export_session_results_with_datetime_excel_2.py,C:\backup\SNS_24AutoProject_FINAL_20250516_1002\scripts\export_session_results_with_datetime_excel_2.py
<MAY_BACKUP_ROOT>/scripts/export_session_results_with_datetime_excel_3.py,C:\backup\SNS_24AutoProject_FINAL_20250516_1002\scripts\export_session_results_with_datetime_excel_3.py
<MAY_BACKUP_ROOT>/scripts/export_session_results_with_datetime_excel_4.py,C:\backup\SNS_24AutoProject_FINAL_20250516_1002\scripts\export_session_results_with_datetime_excel_4.py
<MAY_BACKUP_ROOT>/scripts/export_session_results_with_datetime_excel_5.py,C:\backup\SNS_24AutoProject_FINAL_20250516_1002\scripts\export_session_results_with_datetime_excel_5.py
<MAY_BACKUP_ROOT>/scripts/export_session_results_with_datetime_excel_6.py,C:\backup\SNS_24AutoProject_FINAL_20250516_1002\scripts\export_session_results_with_datetime_excel_6.py
<MAY_BACKUP_ROOT>/scripts/generate_log_statistics_6.py,C:\backup\SNS_24AutoProject_FINAL_20250516_1002\scripts\generate_log_statistics_6.py
<MAY_BACKUP_ROOT>/scripts/generate_log_summary_5.py,C:\backup\SNS_24AutoProject_FINAL_20250516_1002\scripts\generate_log_summary_5.py
<MAY_BACKUP_ROOT>/scripts/generate_log_summary_6.py,C:\backup\SNS_24AutoProject_FINAL_20250516_1002\scripts\generate_log_summary_6.py
<MAY_BACKUP_ROOT>/scripts/generate_manuals_2.py,C:\backup\SNS_24AutoProject_FINAL_20250516_1002\scripts\generate_manuals_2.py
<MAY_BACKUP_ROOT>/scripts/generate_operational_plan_2.py,C:\backup\SNS_24AutoProject_FINAL_20250516_1002\scripts\generate_operational_plan_2.py
<MAY_BACKUP_ROOT>/scripts/generate_qa_review_2.py,C:\backup\SNS_24AutoProject_FINAL_20250516_1002\scripts\generate_qa_review_2.py
<MAY_BACKUP_ROOT>/scripts/generate_readme_5.py,C:\backup\SNS_24AutoProject_FINAL_20250516_1002\scripts\generate_readme_5.py
<MAY_BACKUP_ROOT>/scripts/generate_release_info_2.py,C:\backup\SNS_24AutoProject_FINAL_20250516_1002\scripts\generate_release_info_2.py
<MAY_BACKUP_ROOT>/scripts/inspect_db_schema_6.py,C:\backup\SNS_24AutoProject_FINAL_20250516_1002\scripts\inspect_db_schema_6.py
<MAY_BACKUP_ROOT>/scripts/inspect_users_table_2.py,C:\backup\SNS_24AutoProject_FINAL_20250516_1002\scripts\inspect_users_table_2.py
<MAY_BACKUP_ROOT>/scripts/install_scripts.py,C:\backup\SNS_24AutoProject_FINAL_20250516_1002\scripts\install_scripts.py
<MAY_BACKUP_ROOT>/scripts/install_scripts_1.py,C:\backup\SNS_24AutoProject_FINAL_20250516_1002\scripts\install_scripts_1.py
<MAY_BACKUP_ROOT>/scripts/log_final_run_check_2.py,C:\backup\SNS_24AutoProject_FINAL_20250516_1002\scripts\log_final_run_check_2.py
<MAY_BACKUP_ROOT>/scripts/scripts.py,C:\backup\SNS_24AutoProject_FINAL_20250516_1002\scripts\scripts.py
<MAY_BACKUP_ROOT>/scripts/send_email_report_1.py,C:\backup\SNS_24AutoProject_FINAL_20250516_1002\scripts\send_email_report_1.py
<MAY_BACKUP_ROOT>/scripts/send_log_webhook_2.py,C:\backup\SNS_24AutoProject_FINAL_20250516_1002\scripts\send_log_webhook_2.py
<MAY_BACKUP_ROOT>/scripts/send_summary_email_1.py,C:\backup\SNS_24AutoProject_FINAL_20250516_1002\scripts\send_summary_email_1.py
<MAY_BACKUP_ROOT>/scripts/upgrade_users_add_role_2.py,C:\backup\SNS_24AutoProject_FINAL_20250516_1002\scripts\upgrade_users_add_role_2.py
<MAY_BACKUP_ROOT>/scripts/verify_session_integrity_6.py,C:\backup\SNS_24AutoProject_FINAL_20250516_1002\scripts\verify_session_integrity_6.py
<MAY_BACKUP_ROOT>/scripts/zip_log_exports_6.py,C:\backup\SNS_24AutoProject_FINAL_20250516_1002\scripts\zip_log_exports_6.py
<MAY_BACKUP_ROOT>/scripts/_export_format_8fa3e61b_6.py,C:\backup\SNS_24AutoProject_FINAL_20250516_1002\scripts\_export_format_8fa3e61b_6.py
<MAY_BACKUP_ROOT>/tests/test_account_runner.py,C:\backup\SNS_24AutoProject_FINAL_20250516_1002\tests\test_account_runner.py
<MAY_BACKUP_ROOT>/tests/test_account_runner_log_coverage.py,C:\backup\SNS_24AutoProject_FINAL_20250516_1002\tests\test_account_runner_log_coverage.py
<MAY_BACKUP_ROOT>/tests/test_api.py,C:\backup\SNS_24AutoProject_FINAL_20250516_1002\tests\test_api.py
<MAY_BACKUP_ROOT>/tests/test_auto_generate_tests.py,C:\backup\SNS_24AutoProject_FINAL_20250516_1002\tests\test_auto_generate_tests.py
<MAY_BACKUP_ROOT>/tests/test_cfg_local.py,C:\backup\SNS_24AutoProject_FINAL_20250516_1002\tests\test_cfg_local.py
<MAY_BACKUP_ROOT>/tests/test_entry_queue.py,C:\backup\SNS_24AutoProject_FINAL_20250516_1002\tests\test_entry_queue.py
<MAY_BACKUP_ROOT>/tests/test_log_trace.py,C:\backup\SNS_24AutoProject_FINAL_20250516_1002\tests\test_log_trace.py
<MAY_BACKUP_ROOT>/tests/test_pprint_util_custom.py,C:\backup\SNS_24AutoProject_FINAL_20250516_1002\tests\test_pprint_util_custom.py
<MAY_BACKUP_ROOT>/tests/test_six_util_custom.py,C:\backup\SNS_24AutoProject_FINAL_20250516_1002\tests\test_six_util_custom.py
<MAY_BACKUP_ROOT>/tests/test_ssl_handler.py,C:\backup\SNS_24AutoProject_FINAL_20250516_1002\tests\test_ssl_handler.py
<MAY_BACKUP_ROOT>/tests/test_task_queue_mgr.py,C:\backup\SNS_24AutoProject_FINAL_20250516_1002\tests\test_task_queue_mgr.py
<MAY_BACKUP_ROOT>/tests/test_unbounded_queue.py,C:\backup\SNS_24AutoProject_FINAL_20250516_1002\tests\test_unbounded_queue.py
<MAY_BACKUP_ROOT>/tests/.pytest_cache/v/cache/nodeids,C:\backup\SNS_24AutoProject_FINAL_20250516_1002\tests\.pytest_cache\v\cache\nodeids
<MAY_BACKUP_ROOT>/tests/generated/test_account_runner.py,C:\backup\SNS_24AutoProject_FINAL_20250516_1002\tests\generated\test_account_runner.py
<MAY_BACKUP_ROOT>/tests/generated/test_api.py,C:\backup\SNS_24AutoProject_FINAL_20250516_1002\tests\generated\test_api.py
<MAY_BACKUP_ROOT>/tests/generated/test_auto_generate_tests.py,C:\backup\SNS_24AutoProject_FINAL_20250516_1002\tests\generated\test_auto_generate_tests.py
<MAY_BACKUP_ROOT>/tests/generated/test_cfg_local.py,C:\backup\SNS_24AutoProject_FINAL_20250516_1002\tests\generated\test_cfg_local.py
<MAY_BACKUP_ROOT>/tests/generated/test_empty.py,C:\backup\SNS_24AutoProject_FINAL_20250516_1002\tests\generated\test_empty.py
<MAY_BACKUP_ROOT>/tests/generated/test_log_trace.py,C:\backup\SNS_24AutoProject_FINAL_20250516_1002\tests\generated\test_log_trace.py
<MAY_BACKUP_ROOT>/tests/generated/test_pprint_util_custom.py,C:\backup\SNS_24AutoProject_FINAL_20250516_1002\tests\generated\test_pprint_util_custom.py
<MAY_BACKUP_ROOT>/tests/generated/test_sample.py,C:\backup\SNS_24AutoProject_FINAL_20250516_1002\tests\generated\test_sample.py
<MAY_BACKUP_ROOT>/tests/generated/test_six_util_custom.py,C:\backup\SNS_24AutoProject_FINAL_20250516_1002\tests\generated\test_six_util_custom.py
<MAY_BACKUP_ROOT>/tests/generated/test_ssl_handler.py,C:\backup\SNS_24AutoProject_FINAL_20250516_1002\tests\generated\test_ssl_handler.py
<MAY_BACKUP_ROOT>/tests/generated/test_task_queue_mgr.py,C:\backup\SNS_24AutoProject_FINAL_20250516_1002\tests\generated\test_task_queue_mgr.py
<MAY_BACKUP_ROOT>/tests/generated/__pycache__/test_account_runner.cpython-310-pytest-8.4.1.pyc,C:\backup\SNS_24AutoProject_FINAL_20250516_1002\tests\generated\__pycache__\test_account_runner.cpython-310-pytest-8.4.1.pyc
<MAY_BACKUP_ROOT>/tests/generated/__pycache__/test_api.cpython-310-pytest-8.4.1.pyc,C:\backup\SNS_24AutoProject_FINAL_20250516_1002\tests\generated\__pycache__\test_api.cpython-310-pytest-8.4.1.pyc
<MAY_BACKUP_ROOT>/tests/generated/__pycache__/test_auto_generate_tests.cpython-310-pytest-8.4.1.pyc,C:\backup\SNS_24AutoProject_FINAL_20250516_1002\tests\generated\__pycache__\test_auto_generate_tests.cpython-310-pytest-8.4.1.pyc
<MAY_BACKUP_ROOT>/tests/generated/__pycache__/test_cfg_local.cpython-310-pytest-8.4.1.pyc,C:\backup\SNS_24AutoProject_FINAL_20250516_1002\tests\generated\__pycache__\test_cfg_local.cpython-310-pytest-8.4.1.pyc
<MAY_BACKUP_ROOT>/tests/generated/__pycache__/test_log_trace.cpython-310-pytest-8.4.1.pyc,C:\backup\SNS_24AutoProject_FINAL_20250516_1002\tests\generated\__pycache__\test_log_trace.cpython-310-pytest-8.4.1.pyc
<MAY_BACKUP_ROOT>/tests/generated/__pycache__/test_pprint_util_custom.cpython-310-pytest-8.4.1.pyc,C:\backup\SNS_24AutoProject_FINAL_20250516_1002\tests\generated\__pycache__\test_pprint_util_custom.cpython-310-pytest-8.4.1.pyc
<MAY_BACKUP_ROOT>/tests/generated/__pycache__/test_six_util_custom.cpython-310-pytest-8.4.1.pyc,C:\backup\SNS_24AutoProject_FINAL_20250516_1002\tests\generated\__pycache__\test_six_util_custom.cpython-310-pytest-8.4.1.pyc
<MAY_BACKUP_ROOT>/tests/generated/__pycache__/test_ssl_handler.cpython-310-pytest-8.4.1.pyc,C:\backup\SNS_24AutoProject_FINAL_20250516_1002\tests\generated\__pycache__\test_ssl_handler.cpython-310-pytest-8.4.1.pyc
<MAY_BACKUP_ROOT>/tests/generated/__pycache__/test_task_queue_mgr.cpython-310-pytest-8.4.1.pyc,C:\backup\SNS_24AutoProject_FINAL_20250516_1002\tests\generated\__pycache__\test_task_queue_mgr.cpython-310-pytest-8.4.1.pyc
<MAY_BACKUP_ROOT>/tests/__pycache__/test_account_runner.cpython-310-pytest-8.4.1.pyc,C:\backup\SNS_24AutoProject_FINAL_20250516_1002\tests\__pycache__\test_account_runner.cpython-310-pytest-8.4.1.pyc
<MAY_BACKUP_ROOT>/tests/__pycache__/test_account_runner_log_coverage.cpython-310-pytest-8.4.1.pyc,C:\backup\SNS_24AutoProject_FINAL_20250516_1002\tests\__pycache__\test_account_runner_log_coverage.cpython-310-pytest-8.4.1.pyc
<MAY_BACKUP_ROOT>/tests/__pycache__/test_api.cpython-310-pytest-8.4.1.pyc,C:\backup\SNS_24AutoProject_FINAL_20250516_1002\tests\__pycache__\test_api.cpython-310-pytest-8.4.1.pyc
<MAY_BACKUP_ROOT>/tests/__pycache__/test_auto_generate_tests.cpython-310-pytest-8.4.1.pyc,C:\backup\SNS_24AutoProject_FINAL_20250516_1002\tests\__pycache__\test_auto_generate_tests.cpython-310-pytest-8.4.1.pyc
<MAY_BACKUP_ROOT>/tests/__pycache__/test_cfg_local.cpython-310-pytest-8.4.1.pyc,C:\backup\SNS_24AutoProject_FINAL_20250516_1002\tests\__pycache__\test_cfg_local.cpython-310-pytest-8.4.1.pyc
<MAY_BACKUP_ROOT>/tests/__pycache__/test_entry_queue.cpython-310-pytest-8.4.1.pyc,C:\backup\SNS_24AutoProject_FINAL_20250516_1002\tests\__pycache__\test_entry_queue.cpython-310-pytest-8.4.1.pyc
<MAY_BACKUP_ROOT>/tests/__pycache__/test_entry_queue_advanced.cpython-310-pytest-8.4.1.pyc,C:\backup\SNS_24AutoProject_FINAL_20250516_1002\tests\__pycache__\test_entry_queue_advanced.cpython-310-pytest-8.4.1.pyc
<MAY_BACKUP_ROOT>/tests/__pycache__/test_log_trace.cpython-310-pytest-8.4.1.pyc,C:\backup\SNS_24AutoProject_FINAL_20250516_1002\tests\__pycache__\test_log_trace.cpython-310-pytest-8.4.1.pyc
<MAY_BACKUP_ROOT>/tests/__pycache__/test_pprint_util_custom.cpython-310-pytest-8.4.1.pyc,C:\backup\SNS_24AutoProject_FINAL_20250516_1002\tests\__pycache__\test_pprint_util_custom.cpython-310-pytest-8.4.1.pyc
<MAY_BACKUP_ROOT>/tests/__pycache__/test_six_util_custom.cpython-310-pytest-8.4.1.pyc,C:\backup\SNS_24AutoProject_FINAL_20250516_1002\tests\__pycache__\test_six_util_custom.cpython-310-pytest-8.4.1.pyc
<MAY_BACKUP_ROOT>/tests/__pycache__/test_ssl_handler.cpython-310-pytest-8.4.1.pyc,C:\backup\SNS_24AutoProject_FINAL_20250516_1002\tests\__pycache__\test_ssl_handler.cpython-310-pytest-8.4.1.pyc
<MAY_BACKUP_ROOT>/tests/__pycache__/test_task_queue_mgr.cpython-310-pytest-8.4.1.pyc,C:\backup\SNS_24AutoProject_FINAL_20250516_1002\tests\__pycache__\test_task_queue_mgr.cpython-310-pytest-8.4.1.pyc
<MAY_BACKUP_ROOT>/tests/__pycache__/test_unbounded_queue.cpython-310-pytest-8.4.1.pyc,C:\backup\SNS_24AutoProject_FINAL_20250516_1002\tests\__pycache__\test_unbounded_queue.cpython-310-pytest-8.4.1.pyc
<MAY_BACKUP_ROOT>/tools/.pylintrc,C:\backup\SNS_24AutoProject_FINAL_20250516_1002\tools\.pylintrc
<MAY_BACKUP_ROOT>/tools/analyze_missing_usage.py,C:\backup\SNS_24AutoProject_FINAL_20250516_1002\tools\analyze_missing_usage.py
<MAY_BACKUP_ROOT>/tools/auto_generate_tests.py,C:\backup\SNS_24AutoProject_FINAL_20250516_1002\tools\auto_generate_tests.py
<MAY_BACKUP_ROOT>/tools/diff_hashlist.py,C:\backup\SNS_24AutoProject_FINAL_20250516_1002\tools\diff_hashlist.py
<MAY_BACKUP_ROOT>/tools/filter_needed_files.py,C:\backup\SNS_24AutoProject_FINAL_20250516_1002\tools\filter_needed_files.py
<MAY_BACKUP_ROOT>/tools/fix_import_errors.py,C:\backup\SNS_24AutoProject_FINAL_20250516_1002\tools\fix_import_errors.py
<MAY_BACKUP_ROOT>/tools/generate_master_hash.py,C:\backup\SNS_24AutoProject_FINAL_20250516_1002\tools\generate_master_hash.py
<MAY_BACKUP_ROOT>/tools/hash_verify.py,C:\backup\SNS_24AutoProject_FINAL_20250516_1002\tools\hash_verify.py
<MAY_BACKUP_ROOT>/tools/layout_sim.py,C:\backup\SNS_24AutoProject_FINAL_20250516_1002\tools\layout_sim.py
<MAY_BACKUP_ROOT>/tools/module_trace_auto_recovery.py,C:\backup\SNS_24AutoProject_FINAL_20250516_1002\tools\module_trace_auto_recovery.py
<MAY_BACKUP_ROOT>/tools/needed_files_by_name.py,C:\backup\SNS_24AutoProject_FINAL_20250516_1002\tools\needed_files_by_name.py
<MAY_BACKUP_ROOT>/tools/needed_files_from_imports.py,C:\backup\SNS_24AutoProject_FINAL_20250516_1002\tools\needed_files_from_imports.py
<MAY_BACKUP_ROOT>/tools/parse_functions.py,C:\backup\SNS_24AutoProject_FINAL_20250516_1002\tools\parse_functions.py
<MAY_BACKUP_ROOT>/tools/scan_tree.py,C:\backup\SNS_24AutoProject_FINAL_20250516_1002\tools\scan_tree.py
<MAY_BACKUP_ROOT>/tools/test_safety_checker.py,C:\backup\SNS_24AutoProject_FINAL_20250516_1002\tools\test_safety_checker.py
<MAY_BACKUP_ROOT>/tools/tree_checker.py,C:\backup\SNS_24AutoProject_FINAL_20250516_1002\tools\tree_checker.py
<MAY_BACKUP_ROOT>/tools/integrity/sha256_integrity_mastertree.py,C:\backup\SNS_24AutoProject_FINAL_20250516_1002\tools\integrity\sha256_integrity_mastertree.py
<MAY_BACKUP_ROOT>/tools/integrity/verify_integrity_and_identify_unnecessary.py,C:\backup\SNS_24AutoProject_FINAL_20250516_1002\tools\integrity\verify_integrity_and_identify_unnecessary.py
<MAY_BACKUP_ROOT>/tools/test_generator/auto_generate_tests.py,C:\backup\SNS_24AutoProject_FINAL_20250516_1002\tools\test_generator\auto_generate_tests.py
<MAY_BACKUP_ROOT>/utils/env_loader.py,C:\backup\SNS_24AutoProject_FINAL_20250516_1002\utils\env_loader.py
<MAY_BACKUP_ROOT>/utils/__pycache__/env_loader.cpython-310.pyc,C:\backup\SNS_24AutoProject_FINAL_20250516_1002\utils\__pycache__\env_loader.cpython-310.pyc
<MAY_BACKUP_ROOT>/validator/check_and_insert_log.py,C:\backup\SNS_24AutoProject_FINAL_20250516_1002\validator\check_and_insert_log.py
<MAY_BACKUP_ROOT>/validator/check_and_insert_log_2.py,C:\backup\SNS_24AutoProject_FINAL_20250516_1002\validator\check_and_insert_log_2.py
<MAY_BACKUP_ROOT>/validator/check_command_log.py,C:\backup\SNS_24AutoProject_FINAL_20250516_1002\validator\check_command_log.py
<MAY_BACKUP_ROOT>/validator/check_command_log_6.py,C:\backup\SNS_24AutoProject_FINAL_20250516_1002\validator\check_command_log_6.py
<MAY_BACKUP_ROOT>/validator/check_conflicting_modules.py,C:\backup\SNS_24AutoProject_FINAL_20250516_1002\validator\check_conflicting_modules.py
<MAY_BACKUP_ROOT>/validator/check_disk_log.py,C:\backup\SNS_24AutoProject_FINAL_20250516_1002\validator\check_disk_log.py
<MAY_BACKUP_ROOT>/validator/check_disk_log_6.py,C:\backup\SNS_24AutoProject_FINAL_20250516_1002\validator\check_disk_log_6.py
<MAY_BACKUP_ROOT>/validator/check_env_log.py,C:\backup\SNS_24AutoProject_FINAL_20250516_1002\validator\check_env_log.py
<MAY_BACKUP_ROOT>/validator/check_env_log_6.py,C:\backup\SNS_24AutoProject_FINAL_20250516_1002\validator\check_env_log_6.py
<MAY_BACKUP_ROOT>/validator/check_network_log.py,C:\backup\SNS_24AutoProject_FINAL_20250516_1002\validator\check_network_log.py
<MAY_BACKUP_ROOT>/validator/check_network_log_6.py,C:\backup\SNS_24AutoProject_FINAL_20250516_1002\validator\check_network_log_6.py
<MAY_BACKUP_ROOT>/validator/check_run_ready.py,C:\backup\SNS_24AutoProject_FINAL_20250516_1002\validator\check_run_ready.py
<MAY_BACKUP_ROOT>/validator/check_session_log.py,C:\backup\SNS_24AutoProject_FINAL_20250516_1002\validator\check_session_log.py
<MAY_BACKUP_ROOT>/validator/check_session_log_6.py,C:\backup\SNS_24AutoProject_FINAL_20250516_1002\validator\check_session_log_6.py
<MAY_BACKUP_ROOT>/validator/check_type_completeness.py,C:\backup\SNS_24AutoProject_FINAL_20250516_1002\validator\check_type_completeness.py
<MAY_BACKUP_ROOT>/validator/check_wraps.py,C:\backup\SNS_24AutoProject_FINAL_20250516_1002\validator\check_wraps.py
<MAY_BACKUP_ROOT>/validator/check_wt07_status.py,C:\backup\SNS_24AutoProject_FINAL_20250516_1002\validator\check_wt07_status.py
<MAY_BACKUP_ROOT>/validator/check_wt07_status_6.py,C:\backup\SNS_24AutoProject_FINAL_20250516_1002\validator\check_wt07_status_6.py
