filename,used_in_main_chain,used_by
﻿.coverage,❌,
.pylintrc,❌,
broken_files.txt,❌,
check_tables.py,❌,
confirmed_compile_failed_250723.txt,❌,
import_map.txt,❌,
mastertree.txt,❌,
master_hashes.json,❌,
missfiles_2505_0807_1616.csv,❌,
pytest.ini,❌,
trace_log.txt,❌,
lastfailed,❌,
nodeids,❌,
file_list_20250807_152731.txt,❌,
missing_verified_final_20250807_1653.csv,❌,
usage_analysis_dryrun_20250807_2130.csv,❌,
xmissing_may_20250807_1633.txt,❌,
db.py,❌,
run_engine.py,❌,
export_all_tables_with_datetime.py,❌,
export_all_table_row_counts.py,❌,
export_logtrace_to_csv.py,❌,
export_log_summary.py,❌,
export_log_summary_csv_with_datetime.py,❌,
account_log.db,❌,
init_check_create_logtable.py,❌,
init_user_table.py,❌,
init_user_table_2.py,❌,
insert_command_log.py,❌,
insert_command_log_6.py,❌,
insert_disk_log.py,❌,
insert_disk_log_6.py,❌,
insert_env_log.py,❌,
insert_env_log_6.py,❌,
insert_function_log.py,❌,
insert_git_log.py,❌,
insert_git_log_to_db.py,❌,
insert_git_log_to_db_6.py,❌,
insert_network_log.py,❌,
insert_network_log_6.py,❌,
insert_session_result.py,❌,
insert_session_result_6.py,❌,
trace_log.db,❌,
log_trace.py,❌,
main.py,❌,
hash_file_locator.py,❌,
current_file_hashes.csv,❌,
git_Changes _0807_2206.txt,❌,
hash_compare_result_0807.txt,❌,
recent_modified_files_48h.csv,❌,
recent_modified_mastertree_48h.txt,❌,
account_runner.py,❌,
api.py,❌,
ast_graph_builder.py,❌,
auto_generate_tests.py,❌,
cfg_loader.py,❌,
cfg_local.py,❌,
log_trace.py,❌,
pickle_serializer.py,❌,
pprint_util_custom.py,❌,
reset_db.py,✅,main_chain
six_util_custom.py,❌,
ssl_handler.py,❌,
task_queue_mgr.py,❌,
asyncio_custom.py,❌,
audits_1.py,❌,
bluetooth_emulation_1.py,❌,
browser_2.py,❌,
browser_3.py,❌,
browsing_context_1.py,❌,
commondialog_1.py,❌,
commontypes_1.py,❌,
common_18.py,❌,
common_19.py,❌,
common_20.py,❌,
common_28.py,❌,
common_29.py,❌,
common_3.py,❌,
common_30.py,❌,
common_31.py,❌,
common_32.py,❌,
common_33.py,❌,
common_34.py,❌,
common_35.py,❌,
common_4.py,❌,
common_5.py,❌,
common_6.py,❌,
common_7.py,❌,
common_8.py,❌,
common_9.py,❌,
common_rules_2.py,❌,
common_rules_3.py,❌,
create_trace_db.py,❌,
css_1.py,❌,
emulation_1.py,❌,
export_env_log.py,❌,
export_env_log_1.py,❌,
extensions_1.py,❌,
feature_base.py,❌,
frame_protocol.py,❌,
handshake.py,❌,
hook_status_logger.py,❌,
import_csv_to_db.py,❌,
insert_env_log.py,❌,
insert_env_log_1.py,❌,
insert_env_log_2.py,❌,
insert_env_log_3.py,❌,
insert_env_log_4.py,❌,
insert_env_log_5.py,❌,
insert_env_log_6.py,❌,
KMAC128_3dd47cdb.py,❌,
logger.py,❌,
log_1.py,❌,
my_configparser.py,❌,
network_2.py,❌,
network_3.py,❌,
net_socket_engine.py,❌,
optimize_trace_log_db.py,❌,
page_1.py,❌,
polyutils.py,❌,
preload_1.py,❌,
proj_concurrent.py,❌,
proxy_accf0cdb.py,❌,
random_custom.py,❌,
rand_util_core.py,✅,main_chain
safe_ssl.py,❌,
script_1.py,❌,
session_1.py,❌,
std.py,❌,
storage_1.py,❌,
st_common_2.py,❌,
st_common_3.py,❌,
tags_344cfcdb.py,❌,
time_helper.py,❌,
unicode_utils.py,❌,
utils.py,❌,
_core.py,❌,
_distutils.py,❌,
_io_common_1.py,❌,
_mapping_04f7dcdb.py,❌,
_mode_cfb_61b4dddb.py,❌,
_monitor.py,❌,
_shimmed_dist_utils.py,❌,
_utils.py,❌,
__init___a3f0ecdb.py,❌,
__local_datetime.py,❌,
logger.cpython-310.pyc,❌,
main_features.cpython-310.pyc,❌,
__init__.cpython-310.pyc,❌,
bot.py,❌,
bot_archive.py,❌,
bot_block.py,❌,
bot_cache.py,❌,
bot_checkpoint.py,❌,
bot_comment.py,❌,
bot_delete.py,❌,
bot_direct.py,❌,
bot_filter.py,❌,
bot_follow.py,❌,
bot_get.py,❌,
bot_like.py,❌,
bot_like_6dbb9223.py,❌,
bot_photo.py,❌,
bot_state.py,❌,
bot_stats.py,❌,
bot_story.py,❌,
bot_support.py,❌,
bot_unfollow.py,❌,
bot_unlike.py,❌,
bot_video.py,❌,
collector.py,❌,
_entry_queue.py,❌,
_unbounded_queue.py,❌,
wf_instagram_scheduler.py,❌,
account_runner.cpython-310.pyc,❌,
__init__.cpython-310.pyc,❌,
recovery_file_restorer.py,❌,
gen_exports.py,❌,
gen_exports_1761c9be.py,❌,
gen_exports_6.py,❌,
summary_report_writer.py,❌,
auto_backup_logtrace_6.py,❌,
auto_send_gitlog_webhook_2.py,❌,
build_scripts.py,❌,
create_release_package_2.py,❌,
enerate_log_statistics_6.py,❌,
export_all_logtables.py,❌,
export_all_logtables_1.py,❌,
export_all_logtables_to_excel.py,❌,
export_all_logtables_to_excel_1.py,❌,
export_all_logtables_to_excel_2.py,❌,
export_all_logtables_to_excel_3.py,❌,
export_all_logtables_to_excel_4.py,❌,
export_all_logtables_to_excel_5.py,❌,
export_all_logtables_to_excel_6.py,❌,
export_all_tables_with_datetime.py,❌,
export_all_tables_with_datetime_1.py,❌,
export_all_tables_with_datetime_2.py,❌,
export_all_tables_with_datetime_3.py,❌,
export_all_tables_with_datetime_4.py,❌,
export_all_tables_with_datetime_5.py,❌,
export_all_tables_with_datetime_6.py,❌,
export_all_table_row_counts.py,❌,
export_all_table_row_counts_1.py,❌,
export_all_table_row_counts_2.py,❌,
export_all_table_row_counts_3.py,❌,
export_all_table_row_counts_4.py,❌,
export_all_table_row_counts_5.py,❌,
export_all_table_row_counts_6.py,❌,
export_command_log.py,❌,
export_command_log_1.py,❌,
export_command_log_2.py,❌,
export_command_log_3.py,❌,
export_command_log_4.py,❌,
export_command_log_5.py,❌,
export_command_log_6.py,❌,
export_db_schema_to_csv.py,❌,
export_db_snapshot_excel.py,❌,
export_disk_log.py,❌,
export_disk_log_1.py,❌,
export_disk_log_2.py,❌,
export_disk_log_3.py,❌,
export_disk_log_4.py,❌,
export_disk_log_5.py,❌,
export_disk_log_6.py,❌,
export_env_log.py,❌,
export_env_log_1.py,❌,
export_env_log_2.py,❌,
export_env_log_3.py,❌,
export_env_log_4.py,❌,
export_env_log_5.py,❌,
export_env_log_6.py,❌,
export_feedback_log.py,❌,
export_feedback_log_1.py,❌,
export_git_commits_to_csv.py,❌,
export_hook_logs_to_csv.py,❌,
export_hook_logs_to_csv_1.py,❌,
export_hook_logs_to_csv_2.py,❌,
export_hook_logs_to_csv_3.py,❌,
export_hook_logs_to_csv_4.py,❌,
export_hook_logs_to_csv_5.py,❌,
export_hook_logs_to_csv_6.py,❌,
export_logtrace.py,❌,
export_logtrace_1.py,❌,
export_logtrace_2.py,❌,
export_logtrace_3.py,❌,
export_logtrace_4.py,❌,
export_logtrace_5.py,❌,
export_logtrace_6.py,❌,
export_logtrace_table.py,❌,
export_logtrace_table_1.py,❌,
export_logtrace_to_csv.py,❌,
export_logtrace_to_csv_1.py,❌,
export_logtrace_to_csv_2.py,❌,
export_logtrace_to_csv_3.py,❌,
export_logtrace_to_csv_4.py,❌,
export_logtrace_to_csv_5.py,❌,
export_logtrace_to_csv_6.py,❌,
export_logtrace_to_csv_with_datetime.py,❌,
export_logtrace_to_csv_with_datetime_1.py,❌,
export_logtrace_to_csv_with_datetime_2.py,❌,
export_logtrace_to_csv_with_datetime_3.py,❌,
export_logtrace_to_csv_with_datetime_4.py,❌,
export_logtrace_to_csv_with_datetime_5.py,❌,
export_logtrace_to_csv_with_datetime_6.py,❌,
export_logtrace_to_excel.py,❌,
export_logtrace_to_excel_1.py,❌,
export_logtrace_to_excel_2.py,❌,
export_logtrace_to_excel_3.py,❌,
export_logtrace_to_excel_4.py,❌,
export_logtrace_to_excel_5.py,❌,
export_logtrace_to_excel_6.py,❌,
export_logtrace_to_excel_with_datetime.py,❌,
export_logtrace_to_excel_with_datetime_1.py,❌,
export_logtrace_to_excel_with_datetime_2.py,❌,
export_logtrace_to_excel_with_datetime_3.py,❌,
export_logtrace_to_excel_with_datetime_4.py,❌,
export_logtrace_to_excel_with_datetime_5.py,❌,
export_logtrace_to_excel_with_datetime_6.py,❌,
export_logtrace_with_datetime.py,❌,
export_logtrace_with_datetime_1.py,❌,
export_logtrace_with_datetime_2.py,❌,
export_logtrace_with_datetime_3.py,❌,
export_logtrace_with_datetime_4.py,❌,
export_logtrace_with_datetime_5.py,❌,
export_logtrace_with_datetime_6.py,❌,
export_logtrace_with_datetime_csv.py,❌,
export_logtrace_with_datetime_csv_1.py,❌,
export_logtrace_with_datetime_csv_2.py,❌,
export_logtrace_with_datetime_csv_3.py,❌,
export_logtrace_with_datetime_csv_4.py,❌,
export_logtrace_with_datetime_csv_5.py,❌,
export_logtrace_with_datetime_csv_6.py,❌,
export_logtrace_with_os_path.py,❌,
export_logtrace_with_os_path_1.py,❌,
export_logtrace_with_os_path_2.py,❌,
export_logtrace_with_os_path_3.py,❌,
export_logtrace_with_os_path_4.py,❌,
export_logtrace_with_os_path_5.py,❌,
export_logtrace_with_os_path_6.py,❌,
export_log_summary.py,❌,
export_log_summary_1.py,❌,
export_log_summary_2.py,❌,
export_log_summary_csv_with_datetime.py,❌,
export_log_summary_csv_with_datetime_1.py,❌,
export_log_summary_csv_with_datetime_2.py,❌,
export_log_summary_csv_with_datetime_3.py,❌,
export_log_summary_csv_with_datetime_4.py,❌,
export_log_summary_csv_with_datetime_5.py,❌,
export_log_summary_csv_with_datetime_6.py,❌,
export_network_log.py,❌,
export_network_log_1.py,❌,
export_network_log_2.py,❌,
export_network_log_3.py,❌,
export_network_log_4.py,❌,
export_network_log_5.py,❌,
export_network_log_6.py,❌,
export_session_log.py,❌,
export_session_log_1.py,❌,
export_session_log_2.py,❌,
export_session_log_3.py,❌,
export_session_log_4.py,❌,
export_session_log_5.py,❌,
export_session_log_6.py,❌,
export_session_qasummary.py,❌,
export_session_results_to_csv.py,❌,
export_session_results_to_csv_1.py,❌,
export_session_results_to_csv_2.py,❌,
export_session_results_to_csv_3.py,❌,
export_session_results_to_csv_4.py,❌,
export_session_results_to_csv_5.py,❌,
export_session_results_to_csv_6.py,❌,
export_session_results_to_csv_with_datetime.py,❌,
export_session_results_to_csv_with_datetime_1.py,❌,
export_session_results_to_csv_with_datetime_2.py,❌,
export_session_results_to_csv_with_datetime_3.py,❌,
export_session_results_to_csv_with_datetime_4.py,❌,
export_session_results_to_csv_with_datetime_5.py,❌,
export_session_results_to_csv_with_datetime_6.py,❌,
export_session_results_with_datetime.py,❌,
export_session_results_with_datetime_1.py,❌,
export_session_results_with_datetime_2.py,❌,
export_session_results_with_datetime_3.py,❌,
export_session_results_with_datetime_4.py,❌,
export_session_results_with_datetime_5.py,❌,
export_session_results_with_datetime_6.py,❌,
export_session_results_with_datetime_excel.py,❌,
export_session_results_with_datetime_excel_1.py,❌,
export_session_results_with_datetime_excel_2.py,❌,
export_session_results_with_datetime_excel_3.py,❌,
export_session_results_with_datetime_excel_4.py,❌,
export_session_results_with_datetime_excel_5.py,❌,
export_session_results_with_datetime_excel_6.py,❌,
generate_log_statistics_6.py,❌,
generate_log_summary_5.py,❌,
generate_log_summary_6.py,❌,
generate_manuals_2.py,❌,
generate_operational_plan_2.py,❌,
generate_qa_review_2.py,❌,
generate_readme_5.py,❌,
generate_release_info_2.py,❌,
inspect_db_schema_6.py,❌,
inspect_users_table_2.py,❌,
install_scripts.py,❌,
install_scripts_1.py,❌,
log_final_run_check_2.py,❌,
scripts.py,❌,
send_email_report_1.py,❌,
send_log_webhook_2.py,❌,
send_summary_email_1.py,❌,
upgrade_users_add_role_2.py,❌,
verify_session_integrity_6.py,❌,
zip_log_exports_6.py,❌,
_export_format_8fa3e61b_6.py,❌,
test_account_runner.py,❌,
test_account_runner_log_coverage.py,❌,
test_api.py,❌,
test_auto_generate_tests.py,❌,
test_cfg_local.py,❌,
test_entry_queue.py,❌,
test_log_trace.py,❌,
test_pprint_util_custom.py,❌,
test_six_util_custom.py,❌,
test_ssl_handler.py,❌,
test_task_queue_mgr.py,❌,
test_unbounded_queue.py,❌,
nodeids,❌,
test_account_runner.py,❌,
test_api.py,❌,
test_auto_generate_tests.py,❌,
test_cfg_local.py,❌,
test_empty.py,❌,
test_log_trace.py,❌,
test_pprint_util_custom.py,❌,
test_sample.py,❌,
test_six_util_custom.py,❌,
test_ssl_handler.py,❌,
test_task_queue_mgr.py,❌,
test_account_runner.cpython-310-pytest-8.4.1.pyc,❌,
test_api.cpython-310-pytest-8.4.1.pyc,❌,
test_auto_generate_tests.cpython-310-pytest-8.4.1.pyc,❌,
test_cfg_local.cpython-310-pytest-8.4.1.pyc,❌,
test_log_trace.cpython-310-pytest-8.4.1.pyc,❌,
test_pprint_util_custom.cpython-310-pytest-8.4.1.pyc,❌,
test_six_util_custom.cpython-310-pytest-8.4.1.pyc,❌,
test_ssl_handler.cpython-310-pytest-8.4.1.pyc,❌,
test_task_queue_mgr.cpython-310-pytest-8.4.1.pyc,❌,
test_account_runner.cpython-310-pytest-8.4.1.pyc,❌,
test_account_runner_log_coverage.cpython-310-pytest-8.4.1.pyc,❌,
test_api.cpython-310-pytest-8.4.1.pyc,❌,
test_auto_generate_tests.cpython-310-pytest-8.4.1.pyc,❌,
test_cfg_local.cpython-310-pytest-8.4.1.pyc,❌,
test_entry_queue.cpython-310-pytest-8.4.1.pyc,❌,
test_entry_queue_advanced.cpython-310-pytest-8.4.1.pyc,❌,
test_log_trace.cpython-310-pytest-8.4.1.pyc,❌,
test_pprint_util_custom.cpython-310-pytest-8.4.1.pyc,❌,
test_six_util_custom.cpython-310-pytest-8.4.1.pyc,❌,
test_ssl_handler.cpython-310-pytest-8.4.1.pyc,❌,
test_task_queue_mgr.cpython-310-pytest-8.4.1.pyc,❌,
test_unbounded_queue.cpython-310-pytest-8.4.1.pyc,❌,
.pylintrc,❌,
analyze_missing_usage.py,❌,
auto_generate_tests.py,❌,
diff_hashlist.py,❌,
filter_needed_files.py,❌,
fix_import_errors.py,❌,
generate_master_hash.py,❌,
hash_verify.py,❌,
layout_sim.py,❌,
module_trace_auto_recovery.py,❌,
needed_files_by_name.py,❌,
needed_files_from_imports.py,❌,
parse_functions.py,❌,
scan_tree.py,❌,
test_safety_checker.py,❌,
tree_checker.py,❌,
sha256_integrity_mastertree.py,❌,
verify_integrity_and_identify_unnecessary.py,❌,
auto_generate_tests.py,❌,
env_loader.py,❌,
env_loader.cpython-310.pyc,❌,
check_and_insert_log.py,❌,
check_and_insert_log_2.py,❌,
check_command_log.py,❌,
check_command_log_6.py,❌,
check_conflicting_modules.py,❌,
check_disk_log.py,❌,
check_disk_log_6.py,❌,
check_env_log.py,❌,
check_env_log_6.py,❌,
check_network_log.py,❌,
check_network_log_6.py,❌,
check_run_ready.py,❌,
check_session_log.py,❌,
check_session_log_6.py,❌,
check_type_completeness.py,❌,
check_wraps.py,❌,
check_wt07_status.py,❌,
check_wt07_status_6.py,❌,
