"File","Lines"
"C:\SNS_24AutoProject_250723\configs\recovery_config.py","9"
"C:\SNS_24AutoProject_250723\core\big5freq.cpython-312.py","6"
"C:\SNS_24AutoProject_250723\core\big5prober.cpython-312.py","6"
"C:\SNS_24AutoProject_250723\core\chardetect.cpython-312.py","6"
"C:\SNS_24AutoProject_250723\core\chardistribution.cpython-312.py","6"
"C:\SNS_24AutoProject_250723\core\charsetgroupprober.cpython-312.py","6"
"C:\SNS_24AutoProject_250723\core\charsetprober.cpython-312.py","6"
"C:\SNS_24AutoProject_250723\core\codingstatemachine.cpython-312.py","6"
"C:\SNS_24AutoProject_250723\core\codingstatemachinedict.cpython-312.py","6"
"C:\SNS_24AutoProject_250723\core\cp949prober.cpython-312.py","6"
"C:\SNS_24AutoProject_250723\core\css.cpython-312.py","6"
"C:\SNS_24AutoProject_250723\core\dammit.cpython-312.py","6"
"C:\SNS_24AutoProject_250723\core\diagnose.cpython-312.py","6"
"C:\SNS_24AutoProject_250723\core\element.cpython-312.py","6"
"C:\SNS_24AutoProject_250723\core\enums.cpython-312.py","6"
"C:\SNS_24AutoProject_250723\core\escprober.cpython-312.py","6"
"C:\SNS_24AutoProject_250723\core\escsm.cpython-312.py","6"
"C:\SNS_24AutoProject_250723\core\eucjpprober.cpython-312.py","6"
"C:\SNS_24AutoProject_250723\core\euckrfreq.cpython-312.py","6"
"C:\SNS_24AutoProject_250723\core\euckrprober.cpython-312.py","6"
"C:\SNS_24AutoProject_250723\core\euctwfreq.cpython-312.py","6"
"C:\SNS_24AutoProject_250723\core\euctwprober.cpython-312.py","6"
"C:\SNS_24AutoProject_250723\core\exceptions.cpython-312.py","6"
"C:\SNS_24AutoProject_250723\core\filter.cpython-312.py","6"
"C:\SNS_24AutoProject_250723\core\formatter.cpython-312.py","6"
"C:\SNS_24AutoProject_250723\core\gb2312freq.cpython-312.py","6"
"C:\SNS_24AutoProject_250723\core\gb2312prober.cpython-312.py","6"
"C:\SNS_24AutoProject_250723\core\hebrewprober.cpython-312.py","6"
"C:\SNS_24AutoProject_250723\core\jisfreq.cpython-312.py","6"
"C:\SNS_24AutoProject_250723\core\johabfreq.cpython-312.py","6"
"C:\SNS_24AutoProject_250723\core\johabprober.cpython-312.py","6"
"C:\SNS_24AutoProject_250723\core\jpcntx.cpython-312.py","6"
"C:\SNS_24AutoProject_250723\core\langbulgarianmodel.cpython-312.py","6"
"C:\SNS_24AutoProject_250723\core\langgreekmodel.cpython-312.py","6"
"C:\SNS_24AutoProject_250723\core\langhebrewmodel.cpython-312.py","6"
"C:\SNS_24AutoProject_250723\core\langhungarianmodel.cpython-312.py","6"
"C:\SNS_24AutoProject_250723\core\langrussianmodel.cpython-312.py","6"
"C:\SNS_24AutoProject_250723\core\langthaimodel.cpython-312.py","6"
"C:\SNS_24AutoProject_250723\core\langturkishmodel.cpython-312.py","6"
"C:\SNS_24AutoProject_250723\core\languages.cpython-312.py","6"
"C:\SNS_24AutoProject_250723\core\latin1prober.cpython-312.py","6"
"C:\SNS_24AutoProject_250723\core\macromanprober.cpython-312.py","6"
"C:\SNS_24AutoProject_250723\core\main_features.py","0"
"C:\SNS_24AutoProject_250723\core\mbcharsetprober.cpython-312.py","6"
"C:\SNS_24AutoProject_250723\core\mbcsgroupprober.cpython-312.py","6"
"C:\SNS_24AutoProject_250723\core\mbcssm.cpython-312.py","6"
"C:\SNS_24AutoProject_250723\core\resultdict.cpython-312.py","6"
"C:\SNS_24AutoProject_250723\core\sbcharsetprober.cpython-312.py","6"
"C:\SNS_24AutoProject_250723\core\sbcsgroupprober.cpython-312.py","6"
"C:\SNS_24AutoProject_250723\core\sjisprober.cpython-312.py","6"
"C:\SNS_24AutoProject_250723\core\universaldetector.cpython-312.py","6"
"C:\SNS_24AutoProject_250723\core\utf1632prober.cpython-312.py","6"
"C:\SNS_24AutoProject_250723\core\utf8prober.cpython-312.py","6"
"C:\SNS_24AutoProject_250723\core\version.cpython-312.py","6"
"C:\SNS_24AutoProject_250723\core\_deprecation.cpython-312.py","6"
"C:\SNS_24AutoProject_250723\core\_html5lib.cpython-312.py","6"
"C:\SNS_24AutoProject_250723\core\_htmlparser.cpython-312.py","6"
"C:\SNS_24AutoProject_250723\core\_lxml.cpython-312.py","6"
"C:\SNS_24AutoProject_250723\core\_typing.cpython-312.py","6"
"C:\SNS_24AutoProject_250723\core\_warnings.cpython-312.py","6"
"C:\SNS_24AutoProject_250723\core\__init__.cpython-312.py","5"
"C:\SNS_24AutoProject_250723\data\exported_data\export_hook_logs_to_csv_6.py","10"
"C:\SNS_24AutoProject_250723\data\exported_data\export_logtrace_5.py","7"
"C:\SNS_24AutoProject_250723\data\exported_data\export_logtrace_6.py","8"
"C:\SNS_24AutoProject_250723\data\exported_data\export_network_log_6.py","10"
"C:\SNS_24AutoProject_250723\data\exported_data\export_session_results_to_csv_6.py","10"
"C:\SNS_24AutoProject_250723\data\exported_data\export_trace_log_backup_6.py","10"
"C:\SNS_24AutoProject_250723\modules\common\array_utils.py","0"
"C:\SNS_24AutoProject_250723\modules\common\common_20.py","7"
"C:\SNS_24AutoProject_250723\modules\common\common_4.py","7"
"C:\SNS_24AutoProject_250723\modules\common\my_configparser.py","6"
"C:\SNS_24AutoProject_250723\modules\common\optimize_trace_log_db.py","9"
"C:\SNS_24AutoProject_250723\modules\common\sample_test.py","0"
"C:\SNS_24AutoProject_250723\modules\common\_core.py","3"
"C:\SNS_24AutoProject_250723\modules\dm\state\bot_cache.py","3"
"C:\SNS_24AutoProject_250723\modules\dm\state\bot_state.py","3"
"C:\SNS_24AutoProject_250723\modules\dm\state\__init__.py","0"
"C:\SNS_24AutoProject_250723\modules\dm\__init__.py","0"
"C:\SNS_24AutoProject_250723\modules\sns\facebook_crawler.py","0"
"C:\SNS_24AutoProject_250723\modules\api.py","4"
"C:\SNS_24AutoProject_250723\modules\cfg_loader.py","9"
"C:\SNS_24AutoProject_250723\modules\pickle_serializer.py","10"
"C:\SNS_24AutoProject_250723\modules\task_queue_mgr.py","7"
"C:\SNS_24AutoProject_250723\scripts\generate_readme_4.py","1"
"C:\SNS_24AutoProject_250723\services\__init___139.py","8"
"C:\SNS_24AutoProject_250723\services\__init___141.py","9"
"C:\SNS_24AutoProject_250723\services\__init___142.py","3"
"C:\SNS_24AutoProject_250723\services\__init___145.py","6"
"C:\SNS_24AutoProject_250723\services\__init___147.py","6"
"C:\SNS_24AutoProject_250723\services\__init___148.py","8"
"C:\SNS_24AutoProject_250723\services\__init___149.py","7"
"C:\SNS_24AutoProject_250723\services\__init___150.py","7"
"C:\SNS_24AutoProject_250723\services\__init___151.py","5"
"C:\SNS_24AutoProject_250723\services\__init___153.py","3"
"C:\SNS_24AutoProject_250723\services\__init___154.py","5"
"C:\SNS_24AutoProject_250723\services\__init___182.py","4"
"C:\SNS_24AutoProject_250723\services\__init___204.py","6"
"C:\SNS_24AutoProject_250723\services\__init___214.py","4"
"C:\SNS_24AutoProject_250723\services\__init___237.py","4"
"C:\SNS_24AutoProject_250723\services\__init___299.py","10"
"C:\SNS_24AutoProject_250723\services\__init___302.py","0"
"C:\SNS_24AutoProject_250723\services\__init___305.py","10"
"C:\SNS_24AutoProject_250723\services\__init___306.py","10"
"C:\SNS_24AutoProject_250723\services\__init___311.py","7"
"C:\SNS_24AutoProject_250723\services\__init___314.py","0"
"C:\SNS_24AutoProject_250723\services\__init___315.py","0"
"C:\SNS_24AutoProject_250723\services\__init___326.py","9"
"C:\SNS_24AutoProject_250723\services\__init___34.py","6"
"C:\SNS_24AutoProject_250723\services\__init___343.py","4"
"C:\SNS_24AutoProject_250723\services\__init___345.py","3"
"C:\SNS_24AutoProject_250723\services\__init___346.py","1"
"C:\SNS_24AutoProject_250723\services\__init___367.py","9"
"C:\SNS_24AutoProject_250723\services\__init___368.py","9"
"C:\SNS_24AutoProject_250723\services\__init___373.py","3"
"C:\SNS_24AutoProject_250723\services\__init___374.py","2"
"C:\SNS_24AutoProject_250723\services\__init___380.py","4"
"C:\SNS_24AutoProject_250723\services\__init___381.py","1"
"C:\SNS_24AutoProject_250723\services\__init___385.py","10"
"C:\SNS_24AutoProject_250723\services\__init___399.py","6"
"C:\SNS_24AutoProject_250723\services\__init___400.py","3"
"C:\SNS_24AutoProject_250723\services\__init___401.py","3"
"C:\SNS_24AutoProject_250723\services\__init___42.py","1"
"C:\SNS_24AutoProject_250723\services\__init___44.py","10"
"C:\SNS_24AutoProject_250723\services\__init___46.py","1"
"C:\SNS_24AutoProject_250723\services\__init___48.py","1"
"C:\SNS_24AutoProject_250723\services\__init___49.py","1"
"C:\SNS_24AutoProject_250723\services\__init___490.py","4"
"C:\SNS_24AutoProject_250723\services\__init___491.py","10"
"C:\SNS_24AutoProject_250723\services\__init___493.py","7"
"C:\SNS_24AutoProject_250723\services\__init___50.py","1"
"C:\SNS_24AutoProject_250723\services\__init___500.py","9"
"C:\SNS_24AutoProject_250723\services\__init___502.py","3"
"C:\SNS_24AutoProject_250723\services\__init___505.py","1"
"C:\SNS_24AutoProject_250723\services\__init___508.py","5"
"C:\SNS_24AutoProject_250723\services\__init___509.py","1"
"C:\SNS_24AutoProject_250723\services\__init___51.py","1"
"C:\SNS_24AutoProject_250723\services\__init___510.py","1"
"C:\SNS_24AutoProject_250723\services\__init___511.py","1"
"C:\SNS_24AutoProject_250723\services\__init___516.py","7"
"C:\SNS_24AutoProject_250723\services\__init___517.py","4"
"C:\SNS_24AutoProject_250723\services\__init___53.py","1"
"C:\SNS_24AutoProject_250723\services\__init___536.py","7"
"C:\SNS_24AutoProject_250723\services\__init___544.py","5"
"C:\SNS_24AutoProject_250723\services\__init___556.py","4"
"C:\SNS_24AutoProject_250723\services\__init___567.py","10"
"C:\SNS_24AutoProject_250723\services\__init___569.py","4"
"C:\SNS_24AutoProject_250723\services\__init___571.py","7"
"C:\SNS_24AutoProject_250723\services\__init___587.py","3"
"C:\SNS_24AutoProject_250723\services\__init___588.py","9"
"C:\SNS_24AutoProject_250723\services\__init___63.py","6"
"C:\SNS_24AutoProject_250723\services\__init___68.py","8"
"C:\SNS_24AutoProject_250723\services\__init___78.py","8"
"C:\SNS_24AutoProject_250723\services\__init___81.py","7"
"C:\SNS_24AutoProject_250723\services\__init___82.py","1"
"C:\SNS_24AutoProject_250723\services\__init___84.py","7"
"C:\SNS_24AutoProject_250723\services\__init___89.py","10"
"C:\SNS_24AutoProject_250723\services\__init___90.py","4"
"C:\SNS_24AutoProject_250723\services\__init___96.py","3"
"C:\SNS_24AutoProject_250723\services\__init___97.py","1"
"C:\SNS_24AutoProject_250723\utils\env_loader.py","10"
"C:\SNS_24AutoProject_250723\validator\check_command_log_6.py","10"
"C:\SNS_24AutoProject_250723\validator\check_env_log_6.py","10"
"C:\SNS_24AutoProject_250723\validator\check_network_log_6.py","10"
"C:\SNS_24AutoProject_250723\validator\check_run_ready.py","7"
"C:\SNS_24AutoProject_250723\validator\check_session_log_6.py","10"
"C:\SNS_24AutoProject_250723\validator\check_wraps.py","9"
"C:\SNS_24AutoProject_250723\check_tables.py","3"
