"RelativePath","LastWriteTime"
".pytest_cache","2025-08-06 오후 7:39:56"
"backup","2025-08-07 오후 9:39:56"
"core","2025-08-06 오전 11:27:25"
"db","2025-08-07 오후 3:42:09"
"decorators","2025-08-06 오전 11:27:25"
"launcher","2025-08-06 오전 11:27:25"
"locator","2025-08-06 오전 11:27:25"
"modules","2025-08-07 오후 3:42:02"
"recovery","2025-08-06 오전 11:27:25"
"reports","2025-08-06 오전 11:27:25"
"scripts","2025-08-07 오후 2:48:01"
"tests","2025-08-06 오후 6:18:22"
"tools","2025-08-07 오후 9:35:31"
"ui","2025-08-07 오후 2:20:51"
"utils","2025-08-06 오전 11:27:25"
"validator","2025-08-06 오전 11:27:25"
".coverage","2025-08-07 오전 2:55:54"
".pylintrc","2025-08-07 오전 2:05:49"
"broken_files.txt","2025-08-06 오전 11:27:25"
"check_tables.py","2025-08-06 오전 11:27:25"
"confirmed_compile_failed_250723.txt","2025-08-06 오전 11:27:25"
"import_map.txt","2025-08-06 오전 11:27:25"
"mastertree.txt","2025-08-06 오전 11:27:25"
"master_hashes.json","2025-08-06 오전 11:27:25"
"missfiles_2505_0807_1616.csv","2025-08-07 오후 4:09:01"
"pytest.ini","2025-08-06 오후 8:48:43"
"trace_log.txt","2025-08-07 오후 3:42:09"
".pytest_cache\v","2025-08-06 오후 7:39:56"
".pytest_cache\v\cache","2025-08-06 오후 7:39:56"
".pytest_cache\v\cache\lastfailed","2025-08-07 오전 2:41:46"
".pytest_cache\v\cache\nodeids","2025-08-07 오전 2:55:54"
"backup\file_list_20250807_152731.txt","2025-08-07 오후 3:27:33"
"backup\missing_verified_final_20250807_1653.csv","2025-08-07 오후 4:53:36"
"backup\usage_analysis_dryrun_20250807_2130.csv","2025-08-07 오후 9:39:56"
"backup\xmissing_may_20250807_1633.txt","2025-08-07 오후 4:33:56"
"core\db.py","2025-08-06 오전 11:27:25"
"core\run_engine.py","2025-08-06 오전 11:27:25"
"data\exported_data","2025-08-06 오전 11:27:25"
"data\exported_data\export_all_tables_with_datetime.py","2025-08-06 오전 11:27:25"
"data\exported_data\export_all_table_row_counts.py","2025-08-06 오전 11:27:25"
"data\exported_data\export_logtrace_to_csv.py","2025-08-06 오전 11:27:25"
"data\exported_data\export_log_summary.py","2025-08-06 오전 11:27:25"
"data\exported_data\export_log_summary_csv_with_datetime.py","2025-08-06 오전 11:27:25"
"db\account_log.db","2025-08-07 오후 3:42:09"
"db\init_check_create_logtable.py","2025-08-06 오전 11:27:25"
"db\init_user_table.py","2025-08-06 오전 11:27:25"
"db\init_user_table_2.py","2025-08-06 오전 11:27:25"
"db\insert_command_log.py","2025-08-06 오전 11:27:25"
"db\insert_command_log_6.py","2025-08-06 오전 11:27:25"
"db\insert_disk_log.py","2025-08-06 오전 11:27:25"
"db\insert_disk_log_6.py","2025-08-06 오전 11:27:25"
"db\insert_env_log.py","2025-08-06 오전 11:27:25"
"db\insert_env_log_6.py","2025-08-06 오전 11:27:25"
"db\insert_function_log.py","2025-08-06 오전 11:27:25"
"db\insert_git_log.py","2025-08-06 오전 11:27:25"
"db\insert_git_log_to_db.py","2025-08-06 오전 11:27:25"
"db\insert_git_log_to_db_6.py","2025-08-06 오전 11:27:25"
"db\insert_network_log.py","2025-08-06 오전 11:27:25"
"db\insert_network_log_6.py","2025-08-06 오전 11:27:25"
"db\insert_session_result.py","2025-08-06 오전 11:27:25"
"db\insert_session_result_6.py","2025-08-06 오전 11:27:25"
"db\trace_log.db","2025-08-06 오전 11:27:25"
"decorators\log_trace.py","2025-08-06 오전 11:27:25"
"launcher\main.py","2025-08-06 오전 11:27:25"
"locator\hash_file_locator.py","2025-08-06 오전 11:27:25"
"logs\recent_modified_files_48h.csv","2025-08-07 오후 10:03:52"
"modules\actions","2025-08-07 오전 12:20:12"
"modules\common","2025-08-07 오후 3:42:09"
"modules\core","2025-08-07 오후 3:42:07"
"modules\deprecated_conflict","2025-08-07 오전 12:19:01"
"modules\dm","2025-08-06 오전 11:27:25"
"modules\filters","2025-08-07 오전 12:18:08"
"modules\metrics","2025-08-07 오후 2:51:22"
"modules\queue","2025-08-07 오전 1:47:44"
"modules\sns","2025-08-07 오후 4:17:25"
"modules\translate","2025-08-07 오전 12:17:06"
"modules\__pycache__","2025-08-07 오후 3:42:07"
"modules\account_runner.py","2025-08-06 오전 11:20:22"
"modules\api.py","2025-08-06 오전 11:27:25"
"modules\ast_graph_builder.py","2025-08-06 오전 11:27:25"
"modules\auto_generate_tests.py","2025-08-06 오후 10:19:11"
"modules\cfg_loader.py","2025-08-06 오전 11:27:25"
"modules\cfg_local.py","2025-08-06 오전 11:27:25"
"modules\log_trace.py","2025-08-06 오전 11:27:25"
"modules\pickle_serializer.py","2025-08-06 오전 11:27:25"
"modules\pprint_util_custom.py","2025-08-07 오전 2:22:39"
"modules\reset_db.py","2025-08-06 오전 11:27:25"
"modules\six_util_custom.py","2025-08-06 오후 6:54:23"
"modules\ssl_handler.py","2025-08-06 오후 4:55:07"
"modules\task_queue_mgr.py","2025-08-06 오후 4:55:59"
"modules\common\__pycache__","2025-08-07 오후 3:42:09"
"modules\common\asyncio_custom.py","2025-08-06 오전 11:27:25"
"modules\common\audits_1.py","2025-08-06 오전 11:27:25"
"modules\common\bluetooth_emulation_1.py","2025-08-06 오전 11:27:25"
"modules\common\browser_2.py","2025-08-06 오전 11:27:25"
"modules\common\browser_3.py","2025-08-06 오전 11:27:25"
"modules\common\browsing_context_1.py","2025-08-06 오전 11:27:25"
"modules\common\commondialog_1.py","2025-08-06 오전 11:27:25"
"modules\common\commontypes_1.py","2025-08-06 오전 11:27:25"
"modules\common\common_18.py","2025-08-06 오전 11:27:25"
"modules\common\common_19.py","2025-08-06 오전 11:27:25"
"modules\common\common_20.py","2025-08-06 오전 11:27:25"
"modules\common\common_28.py","2025-08-06 오전 11:27:25"
"modules\common\common_29.py","2025-08-06 오전 11:27:25"
"modules\common\common_3.py","2025-08-06 오전 11:27:25"
"modules\common\common_30.py","2025-08-06 오전 11:27:25"
"modules\common\common_31.py","2025-08-06 오전 11:27:25"
"modules\common\common_32.py","2025-08-06 오전 11:27:25"
"modules\common\common_33.py","2025-08-06 오전 11:27:25"
"modules\common\common_34.py","2025-08-06 오전 11:27:25"
"modules\common\common_35.py","2025-08-06 오전 11:27:25"
"modules\common\common_4.py","2025-08-06 오전 11:27:25"
"modules\common\common_5.py","2025-08-06 오전 11:27:25"
"modules\common\common_6.py","2025-08-06 오전 11:27:25"
"modules\common\common_7.py","2025-08-06 오전 11:27:25"
"modules\common\common_8.py","2025-08-06 오전 11:27:25"
"modules\common\common_9.py","2025-08-06 오전 11:27:25"
"modules\common\common_rules_2.py","2025-08-06 오전 11:27:25"
"modules\common\common_rules_3.py","2025-08-06 오전 11:27:25"
"modules\common\create_trace_db.py","2025-08-06 오전 11:27:25"
"modules\common\css_1.py","2025-08-06 오전 11:27:25"
"modules\common\emulation_1.py","2025-08-06 오전 11:27:25"
"modules\common\export_env_log.py","2025-08-06 오전 11:27:25"
"modules\common\export_env_log_1.py","2025-08-06 오전 11:27:25"
"modules\common\extensions_1.py","2025-08-06 오전 11:27:25"
"modules\common\feature_base.py","2025-08-06 오전 11:27:25"
"modules\common\frame_protocol.py","2025-08-06 오전 11:27:25"
"modules\common\handshake.py","2025-08-06 오전 11:27:25"
"modules\common\hook_status_logger.py","2025-08-06 오전 11:27:25"
"modules\common\import_csv_to_db.py","2025-08-06 오전 11:27:25"
"modules\common\insert_env_log.py","2025-08-06 오전 11:27:25"
"modules\common\insert_env_log_1.py","2025-08-06 오전 11:27:25"
"modules\common\insert_env_log_2.py","2025-08-06 오전 11:27:25"
"modules\common\insert_env_log_3.py","2025-08-06 오전 11:27:25"
"modules\common\insert_env_log_4.py","2025-08-06 오전 11:27:25"
"modules\common\insert_env_log_5.py","2025-08-06 오전 11:27:25"
"modules\common\insert_env_log_6.py","2025-08-06 오전 11:27:25"
"modules\common\KMAC128_3dd47cdb.py","2025-08-06 오전 11:27:25"
"modules\common\logger.py","2025-08-06 오전 11:27:25"
"modules\common\log_1.py","2025-08-06 오전 11:27:25"
"modules\common\my_configparser.py","2025-08-06 오전 11:27:25"
"modules\common\network_2.py","2025-08-06 오전 11:27:25"
"modules\common\network_3.py","2025-08-06 오전 11:27:25"
"modules\common\net_socket_engine.py","2025-08-06 오전 11:27:25"
"modules\common\optimize_trace_log_db.py","2025-08-06 오전 11:27:25"
"modules\common\page_1.py","2025-08-06 오전 11:27:25"
"modules\common\polyutils.py","2025-08-06 오전 11:27:25"
"modules\common\preload_1.py","2025-08-06 오전 11:27:25"
"modules\common\proj_concurrent.py","2025-08-06 오전 11:27:25"
"modules\common\proxy_accf0cdb.py","2025-08-06 오전 11:27:25"
"modules\common\random_custom.py","2025-08-06 오전 11:27:25"
"modules\common\rand_util_core.py","2025-08-06 오전 11:27:25"
"modules\common\safe_ssl.py","2025-08-06 오전 11:27:25"
"modules\common\script_1.py","2025-08-06 오전 11:27:25"
"modules\common\session_1.py","2025-08-06 오전 11:27:25"
"modules\common\std.py","2025-08-06 오전 11:27:25"
"modules\common\storage_1.py","2025-08-06 오전 11:27:25"
"modules\common\st_common_2.py","2025-08-06 오전 11:27:25"
"modules\common\st_common_3.py","2025-08-06 오전 11:27:25"
"modules\common\tags_344cfcdb.py","2025-08-06 오전 11:27:25"
"modules\common\time_helper.py","2025-08-06 오전 11:27:25"
"modules\common\unicode_utils.py","2025-08-06 오전 11:27:25"
"modules\common\utils.py","2025-08-06 오전 11:27:25"
"modules\common\_core.py","2025-08-06 오전 11:27:25"
"modules\common\_distutils.py","2025-08-06 오전 11:27:25"
"modules\common\_io_common_1.py","2025-08-06 오전 11:27:25"
"modules\common\_mapping_04f7dcdb.py","2025-08-06 오전 11:27:25"
"modules\common\_mode_cfb_61b4dddb.py","2025-08-06 오전 11:27:25"
"modules\common\_monitor.py","2025-08-06 오전 11:27:25"
"modules\common\_shimmed_dist_utils.py","2025-08-06 오전 11:27:25"
"modules\common\_utils.py","2025-08-06 오전 11:27:25"
"modules\common\__init___a3f0ecdb.py","2025-08-06 오전 11:27:25"
"modules\common\__local_datetime.py","2025-08-06 오전 11:27:25"
"modules\common\__pycache__\logger.cpython-310.pyc","2025-08-07 오후 3:42:09"
"modules\core\__pycache__","2025-08-07 오후 3:42:07"
"modules\core\__pycache__\main_features.cpython-310.pyc","2025-08-07 오후 3:42:07"
"modules\core\__pycache__\__init__.cpython-310.pyc","2025-08-07 오후 3:42:07"
"modules\dm\bot.py","2025-08-06 오전 11:27:25"
"modules\dm\bot_archive.py","2025-08-06 오전 11:27:25"
"modules\dm\bot_block.py","2025-08-06 오전 11:27:25"
"modules\dm\bot_cache.py","2025-08-06 오전 11:27:25"
"modules\dm\bot_checkpoint.py","2025-08-06 오전 11:27:25"
"modules\dm\bot_comment.py","2025-08-06 오전 11:27:25"
"modules\dm\bot_delete.py","2025-08-06 오전 11:27:25"
"modules\dm\bot_direct.py","2025-08-06 오전 11:27:25"
"modules\dm\bot_filter.py","2025-08-06 오전 11:27:25"
"modules\dm\bot_follow.py","2025-08-06 오전 11:27:25"
"modules\dm\bot_get.py","2025-08-06 오전 11:27:25"
"modules\dm\bot_like.py","2025-08-06 오전 11:27:25"
"modules\dm\bot_like_6dbb9223.py","2025-08-06 오전 11:27:25"
"modules\dm\bot_photo.py","2025-08-06 오전 11:27:25"
"modules\dm\bot_state.py","2025-08-06 오전 11:27:25"
"modules\dm\bot_stats.py","2025-08-06 오전 11:27:25"
"modules\dm\bot_story.py","2025-08-06 오전 11:27:25"
"modules\dm\bot_support.py","2025-08-06 오전 11:27:25"
"modules\dm\bot_unfollow.py","2025-08-06 오전 11:27:25"
"modules\dm\bot_unlike.py","2025-08-06 오전 11:27:25"
"modules\dm\bot_video.py","2025-08-06 오전 11:27:25"
"modules\metrics\collector.py","2025-08-06 오전 11:27:25"
"modules\queue\_entry_queue.py","2025-08-06 오전 11:27:25"
"modules\queue\_unbounded_queue.py","2025-08-06 오전 11:27:25"
"modules\sns\wf_instagram_scheduler.py","2025-08-07 오전 11:29:16"
"modules\__pycache__\account_runner.cpython-310.pyc","2025-08-07 오후 3:42:02"
"modules\__pycache__\__init__.cpython-310.pyc","2025-08-07 오후 3:42:07"
"recovery\recovery_file_restorer.py","2025-08-06 오전 11:27:25"
"reports\gen_exports.py","2025-08-06 오전 11:27:25"
"reports\gen_exports_1761c9be.py","2025-08-06 오전 11:27:25"
"reports\gen_exports_6.py","2025-08-06 오전 11:27:25"
"reports\summary_report_writer.py","2025-08-06 오전 11:27:25"
"scripts\auto_backup_logtrace_6.py","2025-08-06 오전 11:27:25"
"scripts\auto_send_gitlog_webhook_2.py","2025-08-06 오전 11:27:25"
"scripts\build_scripts.py","2025-08-06 오전 11:27:25"
"scripts\create_release_package_2.py","2025-08-06 오전 11:27:25"
"scripts\enerate_log_statistics_6.py","2025-08-06 오전 11:27:25"
"scripts\export_all_logtables.py","2025-08-07 오후 2:47:58"
"scripts\export_all_logtables_1.py","2025-08-07 오후 2:47:58"
"scripts\export_all_logtables_to_excel.py","2025-08-07 오후 2:47:58"
"scripts\export_all_logtables_to_excel_1.py","2025-08-07 오후 2:47:58"
"scripts\export_all_logtables_to_excel_2.py","2025-08-07 오후 2:47:58"
"scripts\export_all_logtables_to_excel_3.py","2025-08-07 오후 2:47:58"
"scripts\export_all_logtables_to_excel_4.py","2025-08-07 오후 2:47:58"
"scripts\export_all_logtables_to_excel_5.py","2025-08-07 오후 2:47:58"
"scripts\export_all_logtables_to_excel_6.py","2025-08-07 오후 2:47:58"
"scripts\export_all_tables_with_datetime.py","2025-08-07 오후 2:47:58"
"scripts\export_all_tables_with_datetime_1.py","2025-08-07 오후 2:47:58"
"scripts\export_all_tables_with_datetime_2.py","2025-08-07 오후 2:47:58"
"scripts\export_all_tables_with_datetime_3.py","2025-08-07 오후 2:47:58"
"scripts\export_all_tables_with_datetime_4.py","2025-08-07 오후 2:47:58"
"scripts\export_all_tables_with_datetime_5.py","2025-08-07 오후 2:47:58"
"scripts\export_all_tables_with_datetime_6.py","2025-08-07 오후 2:47:58"
"scripts\export_all_table_row_counts.py","2025-08-07 오후 2:47:59"
"scripts\export_all_table_row_counts_1.py","2025-08-07 오후 2:47:59"
"scripts\export_all_table_row_counts_2.py","2025-08-07 오후 2:47:59"
"scripts\export_all_table_row_counts_3.py","2025-08-07 오후 2:47:59"
"scripts\export_all_table_row_counts_4.py","2025-08-07 오후 2:47:59"
"scripts\export_all_table_row_counts_5.py","2025-08-07 오후 2:47:59"
"scripts\export_all_table_row_counts_6.py","2025-08-07 오후 2:47:59"
"scripts\export_command_log.py","2025-08-07 오후 2:47:59"
"scripts\export_command_log_1.py","2025-08-07 오후 2:47:59"
"scripts\export_command_log_2.py","2025-08-07 오후 2:47:59"
"scripts\export_command_log_3.py","2025-08-07 오후 2:47:59"
"scripts\export_command_log_4.py","2025-08-07 오후 2:47:59"
"scripts\export_command_log_5.py","2025-08-07 오후 2:47:59"
"scripts\export_command_log_6.py","2025-08-07 오후 2:47:59"
"scripts\export_db_schema_to_csv.py","2025-08-07 오후 2:47:59"
"scripts\export_db_snapshot_excel.py","2025-08-07 오후 2:47:59"
"scripts\export_disk_log.py","2025-08-07 오후 2:47:59"
"scripts\export_disk_log_1.py","2025-08-07 오후 2:47:59"
"scripts\export_disk_log_2.py","2025-08-07 오후 2:47:59"
"scripts\export_disk_log_3.py","2025-08-07 오후 2:47:59"
"scripts\export_disk_log_4.py","2025-08-07 오후 2:47:59"
"scripts\export_disk_log_5.py","2025-08-07 오후 2:47:59"
"scripts\export_disk_log_6.py","2025-08-07 오후 2:47:59"
"scripts\export_env_log.py","2025-08-07 오후 2:47:59"
"scripts\export_env_log_1.py","2025-08-07 오후 2:47:59"
"scripts\export_env_log_2.py","2025-08-07 오후 2:47:59"
"scripts\export_env_log_3.py","2025-08-07 오후 2:47:59"
"scripts\export_env_log_4.py","2025-08-07 오후 2:47:59"
"scripts\export_env_log_5.py","2025-08-07 오후 2:47:59"
"scripts\export_env_log_6.py","2025-08-07 오후 2:47:59"
"scripts\export_feedback_log.py","2025-08-07 오후 2:47:59"
"scripts\export_feedback_log_1.py","2025-08-07 오후 2:47:59"
"scripts\export_git_commits_to_csv.py","2025-08-07 오후 2:47:59"
"scripts\export_hook_logs_to_csv.py","2025-08-07 오후 2:47:59"
"scripts\export_hook_logs_to_csv_1.py","2025-08-07 오후 2:47:59"
"scripts\export_hook_logs_to_csv_2.py","2025-08-07 오후 2:47:59"
"scripts\export_hook_logs_to_csv_3.py","2025-08-07 오후 2:47:59"
"scripts\export_hook_logs_to_csv_4.py","2025-08-07 오후 2:47:59"
"scripts\export_hook_logs_to_csv_5.py","2025-08-07 오후 2:47:59"
"scripts\export_hook_logs_to_csv_6.py","2025-08-07 오후 2:47:59"
"scripts\export_logtrace.py","2025-08-07 오후 2:47:59"
"scripts\export_logtrace_1.py","2025-08-07 오후 2:47:59"
"scripts\export_logtrace_2.py","2025-08-07 오후 2:47:59"
"scripts\export_logtrace_3.py","2025-08-07 오후 2:47:59"
"scripts\export_logtrace_4.py","2025-08-07 오후 2:47:59"
"scripts\export_logtrace_5.py","2025-08-07 오후 2:47:59"
"scripts\export_logtrace_6.py","2025-08-07 오후 2:47:59"
"scripts\export_logtrace_table.py","2025-08-07 오후 2:47:59"
"scripts\export_logtrace_table_1.py","2025-08-07 오후 2:47:59"
"scripts\export_logtrace_to_csv.py","2025-08-07 오후 2:47:59"
"scripts\export_logtrace_to_csv_1.py","2025-08-07 오후 2:47:59"
"scripts\export_logtrace_to_csv_2.py","2025-08-07 오후 2:47:59"
"scripts\export_logtrace_to_csv_3.py","2025-08-07 오후 2:47:59"
"scripts\export_logtrace_to_csv_4.py","2025-08-07 오후 2:47:59"
"scripts\export_logtrace_to_csv_5.py","2025-08-07 오후 2:47:59"
"scripts\export_logtrace_to_csv_6.py","2025-08-07 오후 2:47:59"
"scripts\export_logtrace_to_csv_with_datetime.py","2025-08-07 오후 2:47:59"
"scripts\export_logtrace_to_csv_with_datetime_1.py","2025-08-07 오후 2:47:59"
"scripts\export_logtrace_to_csv_with_datetime_2.py","2025-08-07 오후 2:47:59"
"scripts\export_logtrace_to_csv_with_datetime_3.py","2025-08-07 오후 2:47:59"
"scripts\export_logtrace_to_csv_with_datetime_4.py","2025-08-07 오후 2:47:59"
"scripts\export_logtrace_to_csv_with_datetime_5.py","2025-08-07 오후 2:47:59"
"scripts\export_logtrace_to_csv_with_datetime_6.py","2025-08-07 오후 2:47:59"
"scripts\export_logtrace_to_excel.py","2025-08-07 오후 2:47:59"
"scripts\export_logtrace_to_excel_1.py","2025-08-07 오후 2:47:59"
"scripts\export_logtrace_to_excel_2.py","2025-08-07 오후 2:47:59"
"scripts\export_logtrace_to_excel_3.py","2025-08-07 오후 2:48:00"
"scripts\export_logtrace_to_excel_4.py","2025-08-07 오후 2:48:00"
"scripts\export_logtrace_to_excel_5.py","2025-08-07 오후 2:48:00"
"scripts\export_logtrace_to_excel_6.py","2025-08-07 오후 2:48:00"
"scripts\export_logtrace_to_excel_with_datetime.py","2025-08-07 오후 2:48:00"
"scripts\export_logtrace_to_excel_with_datetime_1.py","2025-08-07 오후 2:48:00"
"scripts\export_logtrace_to_excel_with_datetime_2.py","2025-08-07 오후 2:48:00"
"scripts\export_logtrace_to_excel_with_datetime_3.py","2025-08-07 오후 2:48:00"
"scripts\export_logtrace_to_excel_with_datetime_4.py","2025-08-07 오후 2:48:00"
"scripts\export_logtrace_to_excel_with_datetime_5.py","2025-08-07 오후 2:48:00"
"scripts\export_logtrace_to_excel_with_datetime_6.py","2025-08-07 오후 2:48:00"
"scripts\export_logtrace_with_datetime.py","2025-08-07 오후 2:48:00"
"scripts\export_logtrace_with_datetime_1.py","2025-08-07 오후 2:48:00"
"scripts\export_logtrace_with_datetime_2.py","2025-08-07 오후 2:48:00"
"scripts\export_logtrace_with_datetime_3.py","2025-08-07 오후 2:48:00"
"scripts\export_logtrace_with_datetime_4.py","2025-08-07 오후 2:48:00"
"scripts\export_logtrace_with_datetime_5.py","2025-08-07 오후 2:48:00"
"scripts\export_logtrace_with_datetime_6.py","2025-08-07 오후 2:48:00"
"scripts\export_logtrace_with_datetime_csv.py","2025-08-07 오후 2:48:00"
"scripts\export_logtrace_with_datetime_csv_1.py","2025-08-07 오후 2:48:00"
"scripts\export_logtrace_with_datetime_csv_2.py","2025-08-07 오후 2:48:00"
"scripts\export_logtrace_with_datetime_csv_3.py","2025-08-07 오후 2:48:00"
"scripts\export_logtrace_with_datetime_csv_4.py","2025-08-07 오후 2:48:00"
"scripts\export_logtrace_with_datetime_csv_5.py","2025-08-07 오후 2:48:00"
"scripts\export_logtrace_with_datetime_csv_6.py","2025-08-07 오후 2:48:00"
"scripts\export_logtrace_with_os_path.py","2025-08-07 오후 2:48:00"
"scripts\export_logtrace_with_os_path_1.py","2025-08-07 오후 2:48:00"
"scripts\export_logtrace_with_os_path_2.py","2025-08-07 오후 2:48:00"
"scripts\export_logtrace_with_os_path_3.py","2025-08-07 오후 2:48:00"
"scripts\export_logtrace_with_os_path_4.py","2025-08-07 오후 2:48:00"
"scripts\export_logtrace_with_os_path_5.py","2025-08-07 오후 2:48:00"
"scripts\export_logtrace_with_os_path_6.py","2025-08-07 오후 2:48:00"
"scripts\export_log_summary.py","2025-08-07 오후 2:48:00"
"scripts\export_log_summary_1.py","2025-08-07 오후 2:48:00"
"scripts\export_log_summary_2.py","2025-08-07 오후 2:48:00"
"scripts\export_log_summary_csv_with_datetime.py","2025-08-07 오후 2:48:00"
"scripts\export_log_summary_csv_with_datetime_1.py","2025-08-07 오후 2:48:00"
"scripts\export_log_summary_csv_with_datetime_2.py","2025-08-07 오후 2:48:00"
"scripts\export_log_summary_csv_with_datetime_3.py","2025-08-07 오후 2:48:00"
"scripts\export_log_summary_csv_with_datetime_4.py","2025-08-07 오후 2:48:00"
"scripts\export_log_summary_csv_with_datetime_5.py","2025-08-07 오후 2:48:00"
"scripts\export_log_summary_csv_with_datetime_6.py","2025-08-07 오후 2:48:00"
"scripts\export_network_log.py","2025-08-07 오후 2:48:00"
"scripts\export_network_log_1.py","2025-08-07 오후 2:48:00"
"scripts\export_network_log_2.py","2025-08-07 오후 2:48:00"
"scripts\export_network_log_3.py","2025-08-07 오후 2:48:00"
"scripts\export_network_log_4.py","2025-08-07 오후 2:48:00"
"scripts\export_network_log_5.py","2025-08-07 오후 2:48:00"
"scripts\export_network_log_6.py","2025-08-07 오후 2:48:00"
"scripts\export_session_log.py","2025-08-07 오후 2:48:00"
"scripts\export_session_log_1.py","2025-08-07 오후 2:48:00"
"scripts\export_session_log_2.py","2025-08-07 오후 2:48:00"
"scripts\export_session_log_3.py","2025-08-07 오후 2:48:00"
"scripts\export_session_log_4.py","2025-08-07 오후 2:48:00"
"scripts\export_session_log_5.py","2025-08-07 오후 2:48:00"
"scripts\export_session_log_6.py","2025-08-07 오후 2:48:00"
"scripts\export_session_qasummary.py","2025-08-07 오후 2:48:00"
"scripts\export_session_results_to_csv.py","2025-08-07 오후 2:48:00"
"scripts\export_session_results_to_csv_1.py","2025-08-07 오후 2:48:00"
"scripts\export_session_results_to_csv_2.py","2025-08-07 오후 2:48:00"
"scripts\export_session_results_to_csv_3.py","2025-08-07 오후 2:48:00"
"scripts\export_session_results_to_csv_4.py","2025-08-07 오후 2:48:00"
"scripts\export_session_results_to_csv_5.py","2025-08-07 오후 2:48:00"
"scripts\export_session_results_to_csv_6.py","2025-08-07 오후 2:48:00"
"scripts\export_session_results_to_csv_with_datetime.py","2025-08-07 오후 2:48:00"
"scripts\export_session_results_to_csv_with_datetime_1.py","2025-08-07 오후 2:48:00"
"scripts\export_session_results_to_csv_with_datetime_2.py","2025-08-07 오후 2:48:00"
"scripts\export_session_results_to_csv_with_datetime_3.py","2025-08-07 오후 2:48:00"
"scripts\export_session_results_to_csv_with_datetime_4.py","2025-08-07 오후 2:48:00"
"scripts\export_session_results_to_csv_with_datetime_5.py","2025-08-07 오후 2:48:00"
"scripts\export_session_results_to_csv_with_datetime_6.py","2025-08-07 오후 2:48:00"
"scripts\export_session_results_with_datetime.py","2025-08-07 오후 2:48:00"
"scripts\export_session_results_with_datetime_1.py","2025-08-07 오후 2:48:00"
"scripts\export_session_results_with_datetime_2.py","2025-08-07 오후 2:48:00"
"scripts\export_session_results_with_datetime_3.py","2025-08-07 오후 2:48:00"
"scripts\export_session_results_with_datetime_4.py","2025-08-07 오후 2:48:00"
"scripts\export_session_results_with_datetime_5.py","2025-08-07 오후 2:48:00"
"scripts\export_session_results_with_datetime_6.py","2025-08-07 오후 2:48:00"
"scripts\export_session_results_with_datetime_excel.py","2025-08-07 오후 2:48:00"
"scripts\export_session_results_with_datetime_excel_1.py","2025-08-07 오후 2:48:00"
"scripts\export_session_results_with_datetime_excel_2.py","2025-08-07 오후 2:48:00"
"scripts\export_session_results_with_datetime_excel_3.py","2025-08-07 오후 2:48:01"
"scripts\export_session_results_with_datetime_excel_4.py","2025-08-07 오후 2:48:01"
"scripts\export_session_results_with_datetime_excel_5.py","2025-08-07 오후 2:48:01"
"scripts\export_session_results_with_datetime_excel_6.py","2025-08-07 오후 2:48:01"
"scripts\generate_log_statistics_6.py","2025-08-06 오전 11:27:25"
"scripts\generate_log_summary_5.py","2025-08-06 오전 11:27:25"
"scripts\generate_log_summary_6.py","2025-08-06 오전 11:27:25"
"scripts\generate_manuals_2.py","2025-08-06 오전 11:27:25"
"scripts\generate_operational_plan_2.py","2025-08-06 오전 11:27:25"
"scripts\generate_qa_review_2.py","2025-08-06 오전 11:27:25"
"scripts\generate_readme_5.py","2025-08-06 오전 11:27:25"
"scripts\generate_release_info_2.py","2025-08-06 오전 11:27:25"
"scripts\inspect_db_schema_6.py","2025-08-06 오전 11:27:25"
"scripts\inspect_users_table_2.py","2025-08-06 오전 11:27:25"
"scripts\install_scripts.py","2025-08-06 오전 11:27:25"
"scripts\install_scripts_1.py","2025-08-06 오전 11:27:25"
"scripts\log_final_run_check_2.py","2025-08-06 오전 11:27:25"
"scripts\scripts.py","2025-08-06 오전 11:27:25"
"scripts\send_email_report_1.py","2025-08-06 오전 11:27:25"
"scripts\send_log_webhook_2.py","2025-08-06 오전 11:27:25"
"scripts\send_summary_email_1.py","2025-08-06 오전 11:27:25"
"scripts\upgrade_users_add_role_2.py","2025-08-06 오전 11:27:25"
"scripts\verify_session_integrity_6.py","2025-08-06 오전 11:27:25"
"scripts\zip_log_exports_6.py","2025-08-06 오전 11:27:25"
"scripts\_export_format_8fa3e61b_6.py","2025-08-06 오전 11:27:25"
"tests\generated","2025-08-06 오후 9:18:21"
"tests\__pycache__","2025-08-07 오전 2:55:54"
"tests\test_account_runner.py","2025-08-06 오전 11:21:04"
"tests\test_account_runner_log_coverage.py","2025-08-06 오전 11:24:16"
"tests\test_api.py","2025-08-06 오후 2:58:04"
"tests\test_auto_generate_tests.py","2025-08-06 오후 9:18:12"
"tests\test_cfg_local.py","2025-08-06 오후 2:58:04"
"tests\test_entry_queue.py","2025-08-05 오후 11:46:47"
"tests\test_log_trace.py","2025-08-05 오후 10:14:53"
"tests\test_pprint_util_custom.py","2025-08-07 오전 2:41:33"
"tests\test_six_util_custom.py","2025-08-06 오후 6:54:40"
"tests\test_ssl_handler.py","2025-08-07 오전 2:55:44"
"tests\test_task_queue_mgr.py","2025-08-06 오후 4:56:56"
"tests\test_unbounded_queue.py","2025-08-05 오후 11:16:28"
"tests\.pytest_cache\v\cache\nodeids","2025-08-06 오전 11:12:45"
"tests\generated\__pycache__","2025-08-06 오후 7:39:55"
"tests\generated\test_account_runner.py","2025-08-06 오후 8:56:51"
"tests\generated\test_api.py","2025-08-06 오후 8:56:58"
"tests\generated\test_auto_generate_tests.py","2025-08-06 오후 8:56:30"
"tests\generated\test_cfg_local.py","2025-08-06 오후 8:57:06"
"tests\generated\test_empty.py","2025-08-07 오전 12:32:22"
"tests\generated\test_log_trace.py","2025-08-06 오후 8:57:12"
"tests\generated\test_pprint_util_custom.py","2025-08-06 오후 8:57:20"
"tests\generated\test_sample.py","2025-08-07 오전 12:32:22"
"tests\generated\test_six_util_custom.py","2025-08-06 오후 8:57:26"
"tests\generated\test_ssl_handler.py","2025-08-06 오후 8:57:32"
"tests\generated\test_task_queue_mgr.py","2025-08-06 오후 8:57:39"
"tests\generated\__pycache__\test_account_runner.cpython-310-pytest-8.4.1.pyc","2025-08-06 오후 3:04:35"
"tests\generated\__pycache__\test_api.cpython-310-pytest-8.4.1.pyc","2025-08-06 오후 3:04:35"
"tests\generated\__pycache__\test_auto_generate_tests.cpython-310-pytest-8.4.1.pyc","2025-08-06 오후 7:39:55"
"tests\generated\__pycache__\test_cfg_local.cpython-310-pytest-8.4.1.pyc","2025-08-06 오후 3:04:35"
"tests\generated\__pycache__\test_log_trace.cpython-310-pytest-8.4.1.pyc","2025-08-06 오후 3:04:35"
"tests\generated\__pycache__\test_pprint_util_custom.cpython-310-pytest-8.4.1.pyc","2025-08-06 오후 3:04:35"
"tests\generated\__pycache__\test_six_util_custom.cpython-310-pytest-8.4.1.pyc","2025-08-06 오후 3:04:35"
"tests\generated\__pycache__\test_ssl_handler.cpython-310-pytest-8.4.1.pyc","2025-08-06 오후 3:04:35"
"tests\generated\__pycache__\test_task_queue_mgr.cpython-310-pytest-8.4.1.pyc","2025-08-06 오후 3:04:36"
"tests\__pycache__\test_account_runner.cpython-310-pytest-8.4.1.pyc","2025-08-06 오전 11:27:25"
"tests\__pycache__\test_account_runner_log_coverage.cpython-310-pytest-8.4.1.pyc","2025-08-06 오전 11:24:23"
"tests\__pycache__\test_api.cpython-310-pytest-8.4.1.pyc","2025-08-06 오후 4:44:01"
"tests\__pycache__\test_auto_generate_tests.cpython-310-pytest-8.4.1.pyc","2025-08-06 오후 9:18:21"
"tests\__pycache__\test_cfg_local.cpython-310-pytest-8.4.1.pyc","2025-08-06 오후 4:44:01"
"tests\__pycache__\test_entry_queue.cpython-310-pytest-8.4.1.pyc","2025-08-05 오후 11:46:55"
"tests\__pycache__\test_entry_queue_advanced.cpython-310-pytest-8.4.1.pyc","2025-08-06 오후 12:02:35"
"tests\__pycache__\test_log_trace.cpython-310-pytest-8.4.1.pyc","2025-08-05 오후 10:15:01"
"tests\__pycache__\test_pprint_util_custom.cpython-310-pytest-8.4.1.pyc","2025-08-07 오전 2:41:45"
"tests\__pycache__\test_six_util_custom.cpython-310-pytest-8.4.1.pyc","2025-08-06 오후 6:54:47"
"tests\__pycache__\test_ssl_handler.cpython-310-pytest-8.4.1.pyc","2025-08-07 오전 2:55:54"
"tests\__pycache__\test_task_queue_mgr.cpython-310-pytest-8.4.1.pyc","2025-08-06 오후 5:06:00"
"tests\__pycache__\test_unbounded_queue.cpython-310-pytest-8.4.1.pyc","2025-08-05 오후 11:16:43"
"tools\integrity","2025-08-06 오전 11:27:25"
"tools\test_generator","2025-08-06 오후 6:18:42"
"tools\.pylintrc","2025-08-07 오전 2:03:48"
"tools\analyze_missing_usage.py","2025-08-07 오후 9:35:57"
"tools\auto_generate_tests.py","2025-08-06 오후 3:02:03"
"tools\diff_hashlist.py","2025-08-07 오전 1:05:36"
"tools\filter_needed_files.py","2025-08-07 오전 1:07:29"
"tools\fix_import_errors.py","2025-08-06 오후 3:26:50"
"tools\generate_master_hash.py","2025-08-07 오전 1:10:13"
"tools\hash_verify.py","2025-08-07 오전 1:11:39"
"tools\layout_sim.py","2025-08-07 오전 1:13:02"
"tools\module_trace_auto_recovery.py","2025-08-06 오전 11:27:25"
"tools\needed_files_by_name.py","2025-08-07 오전 1:14:06"
"tools\needed_files_from_imports.py","2025-08-07 오전 1:15:25"
"tools\parse_functions.py","2025-08-07 오전 1:16:36"
"tools\scan_tree.py","2025-08-07 오전 1:22:58"
"tools\test_safety_checker.py","2025-08-06 오후 8:27:55"
"tools\tree_checker.py","2025-08-07 오전 1:25:52"
"tools\integrity\sha256_integrity_mastertree.py","2025-08-06 오전 11:27:25"
"tools\integrity\verify_integrity_and_identify_unnecessary.py","2025-08-06 오전 11:27:25"
"tools\test_generator\auto_generate_tests.py","2025-08-06 오후 6:19:04"
"utils\__pycache__","2025-08-06 오후 3:04:35"
"utils\env_loader.py","2025-08-06 오전 11:27:25"
"utils\__pycache__\env_loader.cpython-310.pyc","2025-08-06 오후 3:04:35"
"validator\check_and_insert_log.py","2025-08-06 오전 11:27:25"
"validator\check_and_insert_log_2.py","2025-08-06 오전 11:27:25"
"validator\check_command_log.py","2025-08-06 오전 11:27:25"
"validator\check_command_log_6.py","2025-08-06 오전 11:27:25"
"validator\check_conflicting_modules.py","2025-08-06 오전 11:27:25"
"validator\check_disk_log.py","2025-08-06 오전 11:27:25"
"validator\check_disk_log_6.py","2025-08-06 오전 11:27:25"
"validator\check_env_log.py","2025-08-06 오전 11:27:25"
"validator\check_env_log_6.py","2025-08-06 오전 11:27:25"
"validator\check_network_log.py","2025-08-06 오전 11:27:25"
"validator\check_network_log_6.py","2025-08-06 오전 11:27:25"
"validator\check_run_ready.py","2025-08-06 오전 11:27:25"
"validator\check_session_log.py","2025-08-06 오전 11:27:25"
"validator\check_session_log_6.py","2025-08-06 오전 11:27:25"
"validator\check_type_completeness.py","2025-08-06 오전 11:27:25"
"validator\check_wraps.py","2025-08-06 오전 11:27:25"
"validator\check_wt07_status.py","2025-08-06 오전 11:27:25"
"validator\check_wt07_status_6.py","2025-08-06 오전 11:27:25"
