"target","status","ref","filehash","note"
"C:\SNS_24AutoProject_250723\db\trace_log.db","NOT_IN_REFERENCE","","AA535C87BDD1BBE8FC11E2B4E5AFC09ED9CAC746B8CB5882D52A43B1D89F7B8C","no match in CSV"
"C:\SNS_24AutoProject_250723\decorators\log_trace.py","NOT_IN_REFERENCE","","E3B0C44298FC1C149AFBF4C8996FB92427AE41E4649B934CA495991B7852B855","no match in CSV"
"C:\SNS_24AutoProject_250723\modules\api.py","NOT_IN_REFERENCE","","B5E936328A4FD28D4B08231F206F1F7BBA276CA5C160CE7D483A1D73A2E8117E","no match in CSV"
"C:\SNS_24AutoProject_250723\modules\cfg_loader.py","NOT_IN_REFERENCE","","CA84C7C36D644F9C2C8C4E13187C25F9218F14F8A180B9282F2D055B57D89E77","no match in CSV"
"C:\SNS_24AutoProject_250723\modules\cfg_local.py","NOT_IN_REFERENCE","","EA6FCDAB860F21694AF546B23880BA5DE90FC17941F26713945E72B138656052","no match in CSV"
"C:\SNS_24AutoProject_250723\modules\pickle_serializer.py","NOT_IN_REFERENCE","","7D0FBC7CED9EE301EBC6357B095BF9EEDFF5D5D559A47B2DB2512010C0529892","no match in CSV"
"C:\SNS_24AutoProject_250723\modules\pprint_util_custom.py","NOT_IN_REFERENCE","","4947F7989F817B8FAF684F822994FEE3FC9E60833B6E3E1828B9447760203FA6","no match in CSV"
"C:\SNS_24AutoProject_250723\modules\six_util_custom.py","NOT_IN_REFERENCE","","4757478B48C796C19F76437DF71EFFFD5E83ABBE3B77C7EE438D1B748C0DE3C1","no match in CSV"
"C:\SNS_24AutoProject_250723\modules\ssl_handler.py","NOT_IN_REFERENCE","","BB07ED0AD54219620F37271D4F0772B9F7C657AD33D3577882453B152D0262D7","no match in CSV"
"C:\SNS_24AutoProject_250723\modules\task_queue_mgr.py","NOT_IN_REFERENCE","","35389D50249BAAEB355168D33DE4CE0080F61A991FD0CA53190F75A1B6B34F1C","no match in CSV"
