"filename","current_fullpath","sha256"
".coverage","C:\SNS_24AutoProject_250723\.coverage","8E6F3AB760F6974A3AB2846556E8B42543B6D1DA68063F408204E2EF3E6B96D2"
".pylintrc","C:\SNS_24AutoProject_250723\.pylintrc","4F562FF7066E4FFCC7C359E4480CCF7810FD79D7FC4D696DC835210880D13870"
"broken_files.txt","C:\SNS_24AutoProject_250723\broken_files.txt","C2090B3009E3DCEB804323B506490F540D24449BDB1D8A8BA8E546E57DFB1ABE"
"check_tables.py","C:\SNS_24AutoProject_250723\check_tables.py","C24FD6493C1A0FAFD292A95875F413E95D52448799823DC79E20CD0B11B26E48"
"confirmed_compile_failed_250723.txt","C:\SNS_24AutoProject_250723\confirmed_compile_failed_250723.txt","592CA64E14D9EF59D80EB5CEB850E81BBDACEA35F40D6552A6815DFC49A8ECE4"
"import_map.txt","C:\SNS_24AutoProject_250723\import_map.txt","F8EBA213D81157CDA6BFC006108D79988790CA231759D8D1599D91D9A503DBC7"
"mastertree.txt","C:\SNS_24AutoProject_250723\mastertree.txt","C07F29A451858E8EC0547A3F017BC509A5B48B791CA25283814A32D7FA5E48E3"
"master_hashes.json","C:\SNS_24AutoProject_250723\master_hashes.json","910A188AAF1E5515E7638FBBC4E272C787EEF9F68637B560F435B07B15CB4509"
"missfiles_2505_0807_1616.csv","C:\SNS_24AutoProject_250723\missfiles_2505_0807_1616.csv","F179BCAE9873C493FAF8DF5D4D9CDA490D13AB3A217F4AA0E8BD9A17FF39A556"
"pytest.ini","C:\SNS_24AutoProject_250723\pytest.ini","C8F620EEF51752243DA35A27E95EDAB497A607CC13068479136F6231E290EB63"
"trace_log.txt","C:\SNS_24AutoProject_250723\trace_log.txt","67FAA54A6AC053B6D64F5A92BA23A18C45CDD5E413AE2F4EAC3FA9B9722B2040"
"lastfailed","C:\SNS_24AutoProject_250723\.pytest_cache\v\cache\lastfailed","C4F0BAEC851AF548FED0881739671D35CFA96941A2E639C9F9707931FA03D768"
"nodeids","C:\SNS_24AutoProject_250723\.pytest_cache\v\cache\nodeids","16FC9418E657BC75F76214789337F3BFD413414CB55190A93E7A8732B22A3D71"
"file_list_20250807_152731.txt","C:\SNS_24AutoProject_250723\backup\file_list_20250807_152731.txt","AFF6E7E47005006BC22172CD8B9A07CF5F91DF07D4F31FA7371FF9805C2856A8"
"missing_verified_final_20250807_1653.csv","C:\SNS_24AutoProject_250723\backup\missing_verified_final_20250807_1653.csv","12BE70F4885C5E78A024DA28A6B9CED9134E6DD3696BF88B85A3F8A9158361A1"
"usage_analysis_dryrun_20250807_2130.csv","C:\SNS_24AutoProject_250723\backup\usage_analysis_dryrun_20250807_2130.csv","7D52C3D85CBB7F8FFEF869E48AD7CF906963633934430366E816DDCA6A8CC7A8"
"xmissing_may_20250807_1633.txt","C:\SNS_24AutoProject_250723\backup\xmissing_may_20250807_1633.txt","7C8CC8F33274D2E3AFCAE3DDC94040CD4BB9F3EA04613266FAB040F36665FE0D"
"db.py","C:\SNS_24AutoProject_250723\core\db.py","C36F413F0955D44DB507B83816514B3846124E10547F0D0B53DE432F67C50D43"
"run_engine.py","C:\SNS_24AutoProject_250723\core\run_engine.py","9537F345D86E5E0F8F6CF98E9ADCF7249045766C050CBD7BF8EF7639257EFEC3"
"export_all_tables_with_datetime.py","C:\SNS_24AutoProject_250723\data\exported_data\export_all_tables_with_datetime.py","B9D3C04EAF94843633FDFBEC56086CDD2E2B295023F9D2BF0ADAE509AB751CC5"
"export_all_table_row_counts.py","C:\SNS_24AutoProject_250723\data\exported_data\export_all_table_row_counts.py","2656935330D3A6F39C354AC9D203B69CBAA83B03F99ABC3EA1064914A476446F"
"export_logtrace_to_csv.py","C:\SNS_24AutoProject_250723\data\exported_data\export_logtrace_to_csv.py","BCE9EE0323844A2214269478FDB81850851459EC85D2C46FE397CA732694203D"
"export_log_summary.py","C:\SNS_24AutoProject_250723\data\exported_data\export_log_summary.py","56146FD19E1110C1FFADB14D96515D3E064B25C09037D375A4FDC9A3B1E7F729"
"export_log_summary_csv_with_datetime.py","C:\SNS_24AutoProject_250723\data\exported_data\export_log_summary_csv_with_datetime.py","021319AB3131EF66E5AF6F550C81532B8B85179DAC8DA75F0AD0CCF55C6630D7"
"account_log.db","C:\SNS_24AutoProject_250723\db\account_log.db","CB1AAE602D6B91B1856DDD5B8CABBCA6E1AFF8FAB642F683DCDD3A892D97286E"
"init_check_create_logtable.py","C:\SNS_24AutoProject_250723\db\init_check_create_logtable.py","D35365014D39F0E8FFDB7BF875CAD821A2BAEB5C8CFD300681AF700445EA902B"
"init_user_table.py","C:\SNS_24AutoProject_250723\db\init_user_table.py","CA35ABD1DE9381C783AB127FDECAB90AF8D41630ED7BD3B21694A1B9E4642943"
"init_user_table_2.py","C:\SNS_24AutoProject_250723\db\init_user_table_2.py","A09E02DB19878DB1E3787F537447196400FC28A8CE95FF0A306BE93414413614"
"insert_command_log.py","C:\SNS_24AutoProject_250723\db\insert_command_log.py","AE89F0BC90E6D832BFC748C168E11A04695573DE369AECC22992001E674F97AD"
"insert_command_log_6.py","C:\SNS_24AutoProject_250723\db\insert_command_log_6.py","8EF2F74AD9AD3A5213A26D86656BEA8CBC53D243BEE633E280B8F178D0334B76"
"insert_disk_log.py","C:\SNS_24AutoProject_250723\db\insert_disk_log.py","DEFE7486842941612AF565FD460A95B98CE563368877FD4E0CBA5FB5DFB45A28"
"insert_disk_log_6.py","C:\SNS_24AutoProject_250723\db\insert_disk_log_6.py","404D681D54F49DAC367868EC65C390EAB261E29B16D14F39C4FBD8EF97D55C1A"
"insert_env_log.py","C:\SNS_24AutoProject_250723\db\insert_env_log.py","09C0DC95B6ED9E2FACBB5AB3D1D1060F6D2E57998EEEE7389D6F1A20A202CFF2"
"insert_env_log_6.py","C:\SNS_24AutoProject_250723\db\insert_env_log_6.py","819816759B5012CAACA044AA89924CEE3A82BDF299B5A9F4C45C27E541BECB26"
"insert_function_log.py","C:\SNS_24AutoProject_250723\db\insert_function_log.py","6759DDDB552175FF0CFAACA6FF2F98408FB627D36322040245EEAD59C2171A3B"
"insert_git_log.py","C:\SNS_24AutoProject_250723\db\insert_git_log.py","40A00D425739680153A72E3AADFA991B066E02A464C6195A1FC1F658355F581B"
"insert_git_log_to_db.py","C:\SNS_24AutoProject_250723\db\insert_git_log_to_db.py","600F3655FDFC09A1C08455407B14C1B8CC09C7AA35302B586B745332CF59989A"
"insert_git_log_to_db_6.py","C:\SNS_24AutoProject_250723\db\insert_git_log_to_db_6.py","178C8BA48B69D790ED16651E1B91EAF63C1899226DB7C4DD006EE480FF1850F3"
"insert_network_log.py","C:\SNS_24AutoProject_250723\db\insert_network_log.py","BEF8A7C42C029043C9E086911EBA28E3C8E827871C3829A31AA27B7C12C11F82"
"insert_network_log_6.py","C:\SNS_24AutoProject_250723\db\insert_network_log_6.py","348524E99E8F6E7364090787887C84498D36C18C20A8909FD58293E7050978BA"
"insert_session_result.py","C:\SNS_24AutoProject_250723\db\insert_session_result.py","E104145929B762A3B7A154957F49979CFC772BE2397A083A06CA29047358BA63"
"insert_session_result_6.py","C:\SNS_24AutoProject_250723\db\insert_session_result_6.py","2106E1792D6411620CCD82E6C3772697C8C9492FCDA6507AC5114E9CF21366B3"
"trace_log.db","C:\SNS_24AutoProject_250723\db\trace_log.db","AA535C87BDD1BBE8FC11E2B4E5AFC09ED9CAC746B8CB5882D52A43B1D89F7B8C"
"log_trace.py","C:\SNS_24AutoProject_250723\decorators\log_trace.py","E3B0C44298FC1C149AFBF4C8996FB92427AE41E4649B934CA495991B7852B855"
"main.py","C:\SNS_24AutoProject_250723\launcher\main.py","ECE5609704FCA591E6B75B297670A5F3075F941037B8E8409386361886DF1002"
"hash_file_locator.py","C:\SNS_24AutoProject_250723\locator\hash_file_locator.py","23B4CC3436F2FAE938BCF23E80F15098C603DF0080437197A58B48FAC721F058"
"recent_modified_files_48h.csv","C:\SNS_24AutoProject_250723\logs\recent_modified_files_48h.csv","FE94F047E655C1A5560255F80189C4974A06F291C78C2F80691AAA5A24021E32"
"account_runner.py","C:\SNS_24AutoProject_250723\modules\account_runner.py","82A9AAF4AE3B88C43B50B0B40BC35FA4D9271A49A9FEB1EE4F3EFA9B58A4F4AB"
"api.py","C:\SNS_24AutoProject_250723\modules\api.py","B5E936328A4FD28D4B08231F206F1F7BBA276CA5C160CE7D483A1D73A2E8117E"
"ast_graph_builder.py","C:\SNS_24AutoProject_250723\modules\ast_graph_builder.py","FF1EC94364677BBC787D362466917362E5F5530E0D514AA0967035F1881AF86F"
"auto_generate_tests.py","C:\SNS_24AutoProject_250723\modules\auto_generate_tests.py","2A8D7FC5A79B18FF74F0C6430C4412DA3A7F5EAE965F3C02F2B610183C068092"
"cfg_loader.py","C:\SNS_24AutoProject_250723\modules\cfg_loader.py","CA84C7C36D644F9C2C8C4E13187C25F9218F14F8A180B9282F2D055B57D89E77"
"cfg_local.py","C:\SNS_24AutoProject_250723\modules\cfg_local.py","EA6FCDAB860F21694AF546B23880BA5DE90FC17941F26713945E72B138656052"
"log_trace.py","C:\SNS_24AutoProject_250723\modules\log_trace.py","CE2F6EE78DFBE1DEE7C725AE5F0707798D0D7107AF5986CBC90E3BB2C684693E"
"pickle_serializer.py","C:\SNS_24AutoProject_250723\modules\pickle_serializer.py","7D0FBC7CED9EE301EBC6357B095BF9EEDFF5D5D559A47B2DB2512010C0529892"
"pprint_util_custom.py","C:\SNS_24AutoProject_250723\modules\pprint_util_custom.py","4947F7989F817B8FAF684F822994FEE3FC9E60833B6E3E1828B9447760203FA6"
"reset_db.py","C:\SNS_24AutoProject_250723\modules\reset_db.py","4AF0723BCC2A246FD0AFA349507CD2D6D692970DFF66D92F22EF256641E253B1"
"six_util_custom.py","C:\SNS_24AutoProject_250723\modules\six_util_custom.py","4757478B48C796C19F76437DF71EFFFD5E83ABBE3B77C7EE438D1B748C0DE3C1"
"ssl_handler.py","C:\SNS_24AutoProject_250723\modules\ssl_handler.py","BB07ED0AD54219620F37271D4F0772B9F7C657AD33D3577882453B152D0262D7"
"task_queue_mgr.py","C:\SNS_24AutoProject_250723\modules\task_queue_mgr.py","35389D50249BAAEB355168D33DE4CE0080F61A991FD0CA53190F75A1B6B34F1C"
"asyncio_custom.py","C:\SNS_24AutoProject_250723\modules\common\asyncio_custom.py","E26068622487280E53DD3503F95E552A051A9B83DFBDAEAA079E3773513FC3E9"
"audits_1.py","C:\SNS_24AutoProject_250723\modules\common\audits_1.py","F1E4100D840A911CA806A87F2689E4C7A3E9960250A5A0EE10524CDD353DD73F"
"bluetooth_emulation_1.py","C:\SNS_24AutoProject_250723\modules\common\bluetooth_emulation_1.py","ACFBA752CF70C86F2E711BB9D0C2B7C8DCF62EFA591AD5C28EA1B68B7D96F2A3"
"browser_2.py","C:\SNS_24AutoProject_250723\modules\common\browser_2.py","31CB2A8217389734C514148465EE97506639D1BCF7E95A30126590A8D3989DE0"
"browser_3.py","C:\SNS_24AutoProject_250723\modules\common\browser_3.py","03E41C58C9C503507BDF74236C17F41B39B5544DD443DB44321837B5953D69CF"
"browsing_context_1.py","C:\SNS_24AutoProject_250723\modules\common\browsing_context_1.py","6B9AF6BAD46B803CA2E10B92D183070238EE6A909F279AFD9A8B483F27CCA24D"
"commondialog_1.py","C:\SNS_24AutoProject_250723\modules\common\commondialog_1.py","AD18D6BB511794E298C843C43AE921464511BA0ABD457FFCA0438EDA0DB3E846"
"commontypes_1.py","C:\SNS_24AutoProject_250723\modules\common\commontypes_1.py","F639A3F97D0866FFD317F12D1E17A13E229781B161885DE5B5043824924DDE48"
"common_18.py","C:\SNS_24AutoProject_250723\modules\common\common_18.py","77921672F41D93A3989A3E61A756985E02BB028DFE12D77CC2F4591646EACD61"
"common_19.py","C:\SNS_24AutoProject_250723\modules\common\common_19.py","933F42D0BC5423600CCD4815EEEFA831CCD4A9A40B26BFA46FF2695AB02CB048"
"common_20.py","C:\SNS_24AutoProject_250723\modules\common\common_20.py","3E66D476B51983FD8C3B670BD818E97EC0C5ABD886756996D4FBED430CF7F2E8"
"common_28.py","C:\SNS_24AutoProject_250723\modules\common\common_28.py","34ADB974B670E87B76755745AF876926F9CED2A38124DB602658F481E78C940B"
"common_29.py","C:\SNS_24AutoProject_250723\modules\common\common_29.py","BC3D75008CE2B0D7DEDA070278FB8E5BF36A2D398F30A9480A421D103E4FDA08"
"common_3.py","C:\SNS_24AutoProject_250723\modules\common\common_3.py","4D360DD5A4748F40C7FFC163F85C56C31F2E0C2A87A6F47E3271DBF524186E02"
"common_30.py","C:\SNS_24AutoProject_250723\modules\common\common_30.py","E85DAC811052CD9A3E488345AB03FEDFEF0D9F5C3F697A7134D24B566966CB76"
"common_31.py","C:\SNS_24AutoProject_250723\modules\common\common_31.py","2024596DE517E8A48F662A72A7371B17749CD2F6459EFF0EBED9A2E647DB8C7F"
"common_32.py","C:\SNS_24AutoProject_250723\modules\common\common_32.py","BA5C3CFC59B275DB1817B976F91BC649087B70D6E2D5E614347D7829F911A72B"
"common_33.py","C:\SNS_24AutoProject_250723\modules\common\common_33.py","B0012842AF0F49DFCBDE163CC8439B4BF826C34DBE8E4C1975C292EC3E7F2F00"
"common_34.py","C:\SNS_24AutoProject_250723\modules\common\common_34.py","85A9E06E44510495A56CF15A1A7CB24F2929264B57FBA442CAC62C5B2546C798"
"common_35.py","C:\SNS_24AutoProject_250723\modules\common\common_35.py","5F7B56866EED916565AB7478CC1D74A3ECD7811376AAE0A5FB0F23A31202C0F8"
"common_4.py","C:\SNS_24AutoProject_250723\modules\common\common_4.py","8049E02B4655AC477ECA3CBC9013DD8F44C24FAB7338C3FD485221EFB122B433"
"common_5.py","C:\SNS_24AutoProject_250723\modules\common\common_5.py","F4FA20022EAAD07CAA50DE1D9F4BFC01911EA29B28862C6092C2AB82FE8F0DC5"
"common_6.py","C:\SNS_24AutoProject_250723\modules\common\common_6.py","0DF86C382C73E337607E13F31D52EF79B23CCEEA203A0D539BC0847DC33A1943"
"common_7.py","C:\SNS_24AutoProject_250723\modules\common\common_7.py","82437A6ECC30063B7461888D1C4F56A1A55719A45B724322FFABF1F18AF88BA2"
"common_8.py","C:\SNS_24AutoProject_250723\modules\common\common_8.py","F8ED6EFA68F7E2654D3EC2BEE5A4653003994AE899268B7FB9791D86D3136EAD"
"common_9.py","C:\SNS_24AutoProject_250723\modules\common\common_9.py","68F11F54441F997550817790098737325B6C5C511131A2EF675564A14ED42DBF"
"common_rules_2.py","C:\SNS_24AutoProject_250723\modules\common\common_rules_2.py","7D7D84EFBB5B37DE7BC18ADC805720E1B1D9DCF466D455CB0E97D1FD868A41C5"
"common_rules_3.py","C:\SNS_24AutoProject_250723\modules\common\common_rules_3.py","C8FE009AFBC712A770EB9C38C6DDD30CE0001503DEDA8BCFE5FDCB9EF2DCB584"
"create_trace_db.py","C:\SNS_24AutoProject_250723\modules\common\create_trace_db.py","94A83243A6973B432074F5C4152BD0119ADCF63D3B544181E834D8338091D422"
"css_1.py","C:\SNS_24AutoProject_250723\modules\common\css_1.py","A8C1301622D01FD4156D9F2CAC5CB8E3F31A4AF32D568629C0CE3327DB18823C"
"emulation_1.py","C:\SNS_24AutoProject_250723\modules\common\emulation_1.py","6F80F337E6FE3B9852692C52C995AD67618BC809FD2522C23313AB7FE6FC93DB"
"export_env_log.py","C:\SNS_24AutoProject_250723\modules\common\export_env_log.py","C43C6375ED67EF2F934DC592C676E495F9F69C594E4EA2B8AF6DF78FE6111932"
"export_env_log_1.py","C:\SNS_24AutoProject_250723\modules\common\export_env_log_1.py","90310EDA7B552352254D3B953AFDA4CFAD3F1F44114806AC3BDAC08973B87FB2"
"extensions_1.py","C:\SNS_24AutoProject_250723\modules\common\extensions_1.py","851BDFEA65B400780CE35AE8CB0A9303718B8FF916BEBB874AEF3ECD435E97EA"
"feature_base.py","C:\SNS_24AutoProject_250723\modules\common\feature_base.py","02B94D85A1A97220AEFB9508A5C07DE5EE9853D3E9606AC0CB87E00907C2394D"
"frame_protocol.py","C:\SNS_24AutoProject_250723\modules\common\frame_protocol.py","E7BC0458E7D244DA8F12B9B8923304488A375A4DD5BCBD9411D6E5B1F30EAB4E"
"handshake.py","C:\SNS_24AutoProject_250723\modules\common\handshake.py","457C1D2BE13DBB8BF7E3B612C1EAA0E32BC42F559495FE8D40E8532DCD61927F"
"hook_status_logger.py","C:\SNS_24AutoProject_250723\modules\common\hook_status_logger.py","3DD214ED347BE7B5678371CAF8B18D82570E1C73A33B1BBC5525C918EB67CEDD"
"import_csv_to_db.py","C:\SNS_24AutoProject_250723\modules\common\import_csv_to_db.py","7A79D05F51D0DBED35B65C0F7D7D32D243459CDE6DD5AEA8749366AEA97949B0"
"insert_env_log.py","C:\SNS_24AutoProject_250723\modules\common\insert_env_log.py","D403F03CE38E9A1BE79182C76B07F90FB466E80843B6267E15ED0C7743AB325A"
"insert_env_log_1.py","C:\SNS_24AutoProject_250723\modules\common\insert_env_log_1.py","C216359591E84043289CA206EB8C8C49736F46C8F89D0DF344234BE129C22CF0"
"insert_env_log_2.py","C:\SNS_24AutoProject_250723\modules\common\insert_env_log_2.py","C216359591E84043289CA206EB8C8C49736F46C8F89D0DF344234BE129C22CF0"
"insert_env_log_3.py","C:\SNS_24AutoProject_250723\modules\common\insert_env_log_3.py","C216359591E84043289CA206EB8C8C49736F46C8F89D0DF344234BE129C22CF0"
"insert_env_log_4.py","C:\SNS_24AutoProject_250723\modules\common\insert_env_log_4.py","C216359591E84043289CA206EB8C8C49736F46C8F89D0DF344234BE129C22CF0"
"insert_env_log_5.py","C:\SNS_24AutoProject_250723\modules\common\insert_env_log_5.py","C216359591E84043289CA206EB8C8C49736F46C8F89D0DF344234BE129C22CF0"
"insert_env_log_6.py","C:\SNS_24AutoProject_250723\modules\common\insert_env_log_6.py","C216359591E84043289CA206EB8C8C49736F46C8F89D0DF344234BE129C22CF0"
"KMAC128_3dd47cdb.py","C:\SNS_24AutoProject_250723\modules\common\KMAC128_3dd47cdb.py","19569E478643474E5BA304537D2C3643959351069D5348956E18F7F7CF8903A6"
"logger.py","C:\SNS_24AutoProject_250723\modules\common\logger.py","4FAF9796EDA765C9FAFF3BEA918588BB4FF8BE863992DBE1FCD77241B6FD65CE"
"log_1.py","C:\SNS_24AutoProject_250723\modules\common\log_1.py","2BE8AB23B45F11797F0FBB78B9A42159565F537E5F9AC46FDF512F9DF908745E"
"my_configparser.py","C:\SNS_24AutoProject_250723\modules\common\my_configparser.py","D01A8185E64742339BBC124320EC13A60F64DB7DB5A9E79F05A49F69E511C7D4"
"network_2.py","C:\SNS_24AutoProject_250723\modules\common\network_2.py","B1A8A1F8D76D32357B5DD5346A9E3E5693697A51F1DEA3D9492A179B86EBFF3D"
"network_3.py","C:\SNS_24AutoProject_250723\modules\common\network_3.py","54566B508F3D560C59BE8E22F93B3E3989CE745A6F48539EEA74B2E272342C9B"
"net_socket_engine.py","C:\SNS_24AutoProject_250723\modules\common\net_socket_engine.py","6D7AC39EE868C1113DFE110A7A92CF035E7EFA0CDAE033666E30EDE43F0B5856"
"optimize_trace_log_db.py","C:\SNS_24AutoProject_250723\modules\common\optimize_trace_log_db.py","E002AAD4C7A52655936D5B43793FFEEA943763DBF2A0AA08779A17684ED39342"
"page_1.py","C:\SNS_24AutoProject_250723\modules\common\page_1.py","0731AE5AA42B0D5610F2FE1EF56CC4ADF2F27BB5FF5A512A81BD40BA5F44F188"
"polyutils.py","C:\SNS_24AutoProject_250723\modules\common\polyutils.py","D040FBB5EFB1C580042CD00480D63F44E4302ABC1600CACF74E5740B964FF908"
"preload_1.py","C:\SNS_24AutoProject_250723\modules\common\preload_1.py","572F022128505E8E261C93D142E0066B1F8C561CA3E78B4AA2BAB80BCA0643A5"
"proj_concurrent.py","C:\SNS_24AutoProject_250723\modules\common\proj_concurrent.py","734A37D317325650F33971FFC93F0ED3A2F6CDE503A7219C80B02067C9FA0441"
"proxy_accf0cdb.py","C:\SNS_24AutoProject_250723\modules\common\proxy_accf0cdb.py","A11DA3CB927466CB2C413114B876BA01D0C10EE062EB830F002429148767774D"
"random_custom.py","C:\SNS_24AutoProject_250723\modules\common\random_custom.py","F63F58BF2F431BAD5F6CBEF27D4272A40E4B91B839499FE3E07826EFE646D5F0"
"rand_util_core.py","C:\SNS_24AutoProject_250723\modules\common\rand_util_core.py","8772D8B9525E639395432B3861FE751AD7C9D203CE8B68E451B9DE51A0EBEF56"
"safe_ssl.py","C:\SNS_24AutoProject_250723\modules\common\safe_ssl.py","E81B8F5A74E538A4DCBDDBA610AEA4FAF27B20F1E227AF99C2B9CE644FAA06B8"
"script_1.py","C:\SNS_24AutoProject_250723\modules\common\script_1.py","00C172DC9BFCEBE36D3A2A7B7E32F3D190C4339E15C620103B8534C92E72C2BC"
"session_1.py","C:\SNS_24AutoProject_250723\modules\common\session_1.py","C383CD79B5AE4A2E7796CB185451D0EE00A9547F559FF1CB48F1556607A9810A"
"std.py","C:\SNS_24AutoProject_250723\modules\common\std.py","4E1E456877C14CEB33619A6F510939E0DEFC223A67F01109BFBB9D5C03DB79A9"
"storage_1.py","C:\SNS_24AutoProject_250723\modules\common\storage_1.py","7FC5468321F026E51A7CEDC76F9654AD09064017F6CCEC3CF58216C05C62C91A"
"st_common_2.py","C:\SNS_24AutoProject_250723\modules\common\st_common_2.py","7F02B92D606E8E03E1FE9AA0E7C705D21CCE4266C048B8787F921DBADDC8229C"
"st_common_3.py","C:\SNS_24AutoProject_250723\modules\common\st_common_3.py","43909AC702E35E6E8809D06EF43160EC1C69B1CA69F075B0980A11643FA1D1F9"
"tags_344cfcdb.py","C:\SNS_24AutoProject_250723\modules\common\tags_344cfcdb.py","9DC0DBCF44B6C449F03B0C2768BB3764DE43DCBB0B95ECCF437554DFA9B17779"
"time_helper.py","C:\SNS_24AutoProject_250723\modules\common\time_helper.py","ADDF6A4224194B1F7D7F35B077D8590958C70B17118F977165F3941E476C91E5"
"unicode_utils.py","C:\SNS_24AutoProject_250723\modules\common\unicode_utils.py","7411C23F7F01CED726E9EE9B3097C4730C0E257955EF251CBFB9AE2B7FDB4561"
"utils.py","C:\SNS_24AutoProject_250723\modules\common\utils.py","D73EA2E26DE8CF497D921FFE897C204D895EFAA482415AA542A3C70FF94CB6D9"
"_core.py","C:\SNS_24AutoProject_250723\modules\common\_core.py","188D34AB35E1C38B5604E2F532EB552117B6CC88E8CC04144D58C64F2CDF4889"
"_distutils.py","C:\SNS_24AutoProject_250723\modules\common\_distutils.py","2F47CC843F68332D81409135C7770814CF1D4EA6633DF01BFDCEE42BE0CD9338"
"_io_common_1.py","C:\SNS_24AutoProject_250723\modules\common\_io_common_1.py","D50262ABBD4A857381C0CB018390D0A973C239D63E293209054489948259BDE7"
"_mapping_04f7dcdb.py","C:\SNS_24AutoProject_250723\modules\common\_mapping_04f7dcdb.py","C86C467479546219688E7225B558B6106C313E76753EB29BBC9E8BE52C99B3F4"
"_mode_cfb_61b4dddb.py","C:\SNS_24AutoProject_250723\modules\common\_mode_cfb_61b4dddb.py","8397E9A84BCD4D8F9FE6D6FC8E0B044607904B4580510DC32A2C7B99A26D6A9B"
"_monitor.py","C:\SNS_24AutoProject_250723\modules\common\_monitor.py","ECBD851D84DF98DD97E1D441CCA1F4BF93C623270C85A45BD2BE4F1A2B8134CA"
"_shimmed_dist_utils.py","C:\SNS_24AutoProject_250723\modules\common\_shimmed_dist_utils.py","1D001CA3122ACE7C0BC702532CF363D053F9BC1ABF7BA24FAECB04457AE0990C"
"_utils.py","C:\SNS_24AutoProject_250723\modules\common\_utils.py","9EF1A7F286B4DE1C04073AE41C5B9942BD540BB481D73095C5CCFF9CB9D9D22C"
"__init___a3f0ecdb.py","C:\SNS_24AutoProject_250723\modules\common\__init___a3f0ecdb.py","8D66F03E6D45603A5E3C958B4C5FA23578043EF105B071AF4AA3FAE7B0F3B7BD"
"__local_datetime.py","C:\SNS_24AutoProject_250723\modules\common\__local_datetime.py","C14774EF94897F4110F2F0A83BA007BC68289865EAC2AF6A45253A48BB5BB3C5"
"logger.cpython-310.pyc","C:\SNS_24AutoProject_250723\modules\common\__pycache__\logger.cpython-310.pyc","A9C47551C0C87A2EADF4F3E55ACC947CCEBB2B2EED12EF0DD90D852AC81A93CC"
"main_features.cpython-310.pyc","C:\SNS_24AutoProject_250723\modules\core\__pycache__\main_features.cpython-310.pyc","EE19C67CAB4DED3A48D7F4B30F51431106D12BC21C201636B01B61D8345EA855"
"__init__.cpython-310.pyc","C:\SNS_24AutoProject_250723\modules\core\__pycache__\__init__.cpython-310.pyc","000459DC9515C1F9CA8D22AFD54467611B038E679B387310C3DAF3D05D1A1436"
"bot.py","C:\SNS_24AutoProject_250723\modules\dm\bot.py","1F87AAA66CA641095A3967659ACE005B3AC58739274E02AD400C8E82ECE98563"
"bot_archive.py","C:\SNS_24AutoProject_250723\modules\dm\bot_archive.py","4767C9776032886C8502085108DF00683A0A34F9B3B28AC81C08B1B1D8F46B8D"
"bot_block.py","C:\SNS_24AutoProject_250723\modules\dm\bot_block.py","BD1ACC39E7B40CF6CC2DAB7BDE7B612DFF6B08AADC4C2D5299C24C342A6E5A57"
"bot_cache.py","C:\SNS_24AutoProject_250723\modules\dm\bot_cache.py","D8803ACAC3EF44E74385598A5FFDA5F094392EC937BF63A5047ADEC40099DA55"
"bot_checkpoint.py","C:\SNS_24AutoProject_250723\modules\dm\bot_checkpoint.py","627854E38E0DB210C9464CEBAB10B909CFF5067B8082F1D81B2478DDFA4E7283"
"bot_comment.py","C:\SNS_24AutoProject_250723\modules\dm\bot_comment.py","DF28E111482B2CC03CB7FCDFF1BCBADF9176155F426BA181EEA06129DBC61020"
"bot_delete.py","C:\SNS_24AutoProject_250723\modules\dm\bot_delete.py","B7C7B89926B9C44D038ABFEED2B3AF06DEAB3B11F2CCE68984823BF4A14D00E1"
"bot_direct.py","C:\SNS_24AutoProject_250723\modules\dm\bot_direct.py","9E873A909CD0355C964B266EDD90E1A3DDE2331656A3672719F6385EBF14A568"
"bot_filter.py","C:\SNS_24AutoProject_250723\modules\dm\bot_filter.py","52587E9880A23665CAE689881C9C3AB8F8F3EEDDB44A3A0F2C14922A8DCC802A"
"bot_follow.py","C:\SNS_24AutoProject_250723\modules\dm\bot_follow.py","2783DD18F57F127CFDCE096CC91AE07CA72405CD649BE324D51F2420A503C2CB"
"bot_get.py","C:\SNS_24AutoProject_250723\modules\dm\bot_get.py","5C8160977EF9CF355F4BD3F418EB22A1AFA1EABABF317AAF961D1C684276337A"
"bot_like.py","C:\SNS_24AutoProject_250723\modules\dm\bot_like.py","6086D32F28D41EDE85953D9FE647B644F6C303AA049A335929A09BBB52D9BCC1"
"bot_like_6dbb9223.py","C:\SNS_24AutoProject_250723\modules\dm\bot_like_6dbb9223.py","6086D32F28D41EDE85953D9FE647B644F6C303AA049A335929A09BBB52D9BCC1"
"bot_photo.py","C:\SNS_24AutoProject_250723\modules\dm\bot_photo.py","755907DE80FEA4E9F243450E5A61BC6CF3C6916F9D35EF2F9A6B644A4E341283"
"bot_state.py","C:\SNS_24AutoProject_250723\modules\dm\bot_state.py","B8610D998876069C48BCE6BB2FCCE254C2C5E9A92951D3B2FDAC3E11BBC89BD8"
"bot_stats.py","C:\SNS_24AutoProject_250723\modules\dm\bot_stats.py","0CFF57553878C73DCF3005B5FE03ED6F4B1584B10384F7DD4CCA9AF33856DF0F"
"bot_story.py","C:\SNS_24AutoProject_250723\modules\dm\bot_story.py","7C7431BE70EE299BBA6825C3A9EE2EAEE72C4F5052395AA20D97AFE62D2E80E0"
"bot_support.py","C:\SNS_24AutoProject_250723\modules\dm\bot_support.py","F09D8FE7259095137B546245F523B76576509CED953C1A0A82A56F5905D8ADC8"
"bot_unfollow.py","C:\SNS_24AutoProject_250723\modules\dm\bot_unfollow.py","A60F80B3C02995A1FFBC17FAEE48C2C9A243CF63D2853C96EE9BBD44F3F25E6A"
"bot_unlike.py","C:\SNS_24AutoProject_250723\modules\dm\bot_unlike.py","3A338F157BB52AD5713868BE915E89EC572E3B889FE6CB7A1847E111E278B265"
"bot_video.py","C:\SNS_24AutoProject_250723\modules\dm\bot_video.py","5430F9433EA390E54C232E0CEC03EE26C0DB90D6AB5242E30E40AEA1C91D0A35"
"collector.py","C:\SNS_24AutoProject_250723\modules\metrics\collector.py","50EE3518AF6FDB41DECC4955F0B345EC4256263CC23B245A2EC737DFF62F3F32"
"_entry_queue.py","C:\SNS_24AutoProject_250723\modules\queue\_entry_queue.py","69D668CACE7234A2516E80839879126852881A303A3D96D7DF73611421E385CC"
"_unbounded_queue.py","C:\SNS_24AutoProject_250723\modules\queue\_unbounded_queue.py","6131593A1A043EB4E6C9BD0E7F6CD0085829FF1B1AEA050B87C569B3AB317D5E"
"wf_instagram_scheduler.py","C:\SNS_24AutoProject_250723\modules\sns\wf_instagram_scheduler.py","44BED3AFE3F70688E21B92B4749D3FFED4FA804DEB4C6E3B69349DDE83B12DBB"
"account_runner.cpython-310.pyc","C:\SNS_24AutoProject_250723\modules\__pycache__\account_runner.cpython-310.pyc","66F2B50046A3A9CA232B6F8627056A7A761D7409F84757714C94AF4C353A701D"
"__init__.cpython-310.pyc","C:\SNS_24AutoProject_250723\modules\__pycache__\__init__.cpython-310.pyc","17102550E3BA236C73A8CA9BE0B65BCFFB8881498EDD09AC66DBA0265A2275B3"
"recovery_file_restorer.py","C:\SNS_24AutoProject_250723\recovery\recovery_file_restorer.py","3E544F91586DC04C2805350E766C6C51D4AD5F2B8FA07FCD8FA017D574BDDCD6"
"gen_exports.py","C:\SNS_24AutoProject_250723\reports\gen_exports.py","9D2ED1C0D758151F17421D8ECA6A6D6DF5016EBE6DBDBA33B1AC5ACFB9E81AA4"
"gen_exports_1761c9be.py","C:\SNS_24AutoProject_250723\reports\gen_exports_1761c9be.py","68B3A33F7F947794C20CC68E8AA06B86C7F7A821912A1E3018CED312CD1D5A59"
"gen_exports_6.py","C:\SNS_24AutoProject_250723\reports\gen_exports_6.py","49A15B2DB5CB6C73638B5427E110024E812D9CBD80AB51570729A8D6B9604C01"
"summary_report_writer.py","C:\SNS_24AutoProject_250723\reports\summary_report_writer.py","614DA24A0F1BDDA08A8014997D304F72A09520ABF26990EA68C8C370F140F141"
"auto_backup_logtrace_6.py","C:\SNS_24AutoProject_250723\scripts\auto_backup_logtrace_6.py","F79D8E2892E851CB6B6A729063B1885991C8E5F9D4AB94CB3B3A530D30D6F88C"
"auto_send_gitlog_webhook_2.py","C:\SNS_24AutoProject_250723\scripts\auto_send_gitlog_webhook_2.py","60947E97D92B1FCB8358DE55A57D89CEDF01A0E4AE96B0D893D0A5673953407B"
"build_scripts.py","C:\SNS_24AutoProject_250723\scripts\build_scripts.py","AC69B43182FF62DEA1C00C5E7373DE6366591022F2089B5A08538BF156D824A6"
"create_release_package_2.py","C:\SNS_24AutoProject_250723\scripts\create_release_package_2.py","277F35218D5D19CB995D7C6C853BAFC647648B310B65F78EDBF832EC73669E46"
"enerate_log_statistics_6.py","C:\SNS_24AutoProject_250723\scripts\enerate_log_statistics_6.py","B8B4D21823C1090E58FB84EA50AB01E4DDB2E552FA6F7A0A4D2002184FBD968A"
"export_all_logtables.py","C:\SNS_24AutoProject_250723\scripts\export_all_logtables.py","CF1F7673C34F438527C8FCE5081B16BC045A6826BB6E3B5EAD5D77F46CE93B1A"
"export_all_logtables_1.py","C:\SNS_24AutoProject_250723\scripts\export_all_logtables_1.py","11B4E134630EC22B77DDB46E315FD4C12A0275B99B977F056F9106BBCA1C46CF"
"export_all_logtables_to_excel.py","C:\SNS_24AutoProject_250723\scripts\export_all_logtables_to_excel.py","C95A9976A7BF9DF19DD2E0491B728E51D97158FE2693D852F0C740E5B0D4998C"
"export_all_logtables_to_excel_1.py","C:\SNS_24AutoProject_250723\scripts\export_all_logtables_to_excel_1.py","2370112B293FCAE92814BA57E0E74640AAD3B2A42942127710FB3D33D2AA906A"
"export_all_logtables_to_excel_2.py","C:\SNS_24AutoProject_250723\scripts\export_all_logtables_to_excel_2.py","2370112B293FCAE92814BA57E0E74640AAD3B2A42942127710FB3D33D2AA906A"
"export_all_logtables_to_excel_3.py","C:\SNS_24AutoProject_250723\scripts\export_all_logtables_to_excel_3.py","2370112B293FCAE92814BA57E0E74640AAD3B2A42942127710FB3D33D2AA906A"
"export_all_logtables_to_excel_4.py","C:\SNS_24AutoProject_250723\scripts\export_all_logtables_to_excel_4.py","2370112B293FCAE92814BA57E0E74640AAD3B2A42942127710FB3D33D2AA906A"
"export_all_logtables_to_excel_5.py","C:\SNS_24AutoProject_250723\scripts\export_all_logtables_to_excel_5.py","2370112B293FCAE92814BA57E0E74640AAD3B2A42942127710FB3D33D2AA906A"
"export_all_logtables_to_excel_6.py","C:\SNS_24AutoProject_250723\scripts\export_all_logtables_to_excel_6.py","2370112B293FCAE92814BA57E0E74640AAD3B2A42942127710FB3D33D2AA906A"
"export_all_tables_with_datetime.py","C:\SNS_24AutoProject_250723\scripts\export_all_tables_with_datetime.py","2F8489B92A46E7622974CBD69782FEB1E1763649A0AD8A6D15732A2A3E3786B8"
"export_all_tables_with_datetime_1.py","C:\SNS_24AutoProject_250723\scripts\export_all_tables_with_datetime_1.py","C8FF14C48C130FD9F9F22A14ECF987211D2027EEF67F4A669BAED8DDEC3BE926"
"export_all_tables_with_datetime_2.py","C:\SNS_24AutoProject_250723\scripts\export_all_tables_with_datetime_2.py","C8FF14C48C130FD9F9F22A14ECF987211D2027EEF67F4A669BAED8DDEC3BE926"
"export_all_tables_with_datetime_3.py","C:\SNS_24AutoProject_250723\scripts\export_all_tables_with_datetime_3.py","C8FF14C48C130FD9F9F22A14ECF987211D2027EEF67F4A669BAED8DDEC3BE926"
"export_all_tables_with_datetime_4.py","C:\SNS_24AutoProject_250723\scripts\export_all_tables_with_datetime_4.py","C8FF14C48C130FD9F9F22A14ECF987211D2027EEF67F4A669BAED8DDEC3BE926"
"export_all_tables_with_datetime_5.py","C:\SNS_24AutoProject_250723\scripts\export_all_tables_with_datetime_5.py","C8FF14C48C130FD9F9F22A14ECF987211D2027EEF67F4A669BAED8DDEC3BE926"
"export_all_tables_with_datetime_6.py","C:\SNS_24AutoProject_250723\scripts\export_all_tables_with_datetime_6.py","C8FF14C48C130FD9F9F22A14ECF987211D2027EEF67F4A669BAED8DDEC3BE926"
"export_all_table_row_counts.py","C:\SNS_24AutoProject_250723\scripts\export_all_table_row_counts.py","20970206F884EB6A57F4A5BE8BEBC035A7BCF9631AE7939C0EA815E3A5E8AB44"
"export_all_table_row_counts_1.py","C:\SNS_24AutoProject_250723\scripts\export_all_table_row_counts_1.py","1CFCE21B0A1DC2627F50F09BCEAA3A82F974269E59E9A29B387CCE693D729867"
"export_all_table_row_counts_2.py","C:\SNS_24AutoProject_250723\scripts\export_all_table_row_counts_2.py","1CFCE21B0A1DC2627F50F09BCEAA3A82F974269E59E9A29B387CCE693D729867"
"export_all_table_row_counts_3.py","C:\SNS_24AutoProject_250723\scripts\export_all_table_row_counts_3.py","1CFCE21B0A1DC2627F50F09BCEAA3A82F974269E59E9A29B387CCE693D729867"
"export_all_table_row_counts_4.py","C:\SNS_24AutoProject_250723\scripts\export_all_table_row_counts_4.py","1CFCE21B0A1DC2627F50F09BCEAA3A82F974269E59E9A29B387CCE693D729867"
"export_all_table_row_counts_5.py","C:\SNS_24AutoProject_250723\scripts\export_all_table_row_counts_5.py","1CFCE21B0A1DC2627F50F09BCEAA3A82F974269E59E9A29B387CCE693D729867"
"export_all_table_row_counts_6.py","C:\SNS_24AutoProject_250723\scripts\export_all_table_row_counts_6.py","1CFCE21B0A1DC2627F50F09BCEAA3A82F974269E59E9A29B387CCE693D729867"
"export_command_log.py","C:\SNS_24AutoProject_250723\scripts\export_command_log.py","4B1EA3EFB5DAA5AAF25C4E65FBD251C4EFF6163CB484F3D420362FBB07933850"
"export_command_log_1.py","C:\SNS_24AutoProject_250723\scripts\export_command_log_1.py","B908019D8DCC51F2E211E56F060B14CD5124C6BDD7D61A20180A41A08A6A6960"
"export_command_log_2.py","C:\SNS_24AutoProject_250723\scripts\export_command_log_2.py","B908019D8DCC51F2E211E56F060B14CD5124C6BDD7D61A20180A41A08A6A6960"
"export_command_log_3.py","C:\SNS_24AutoProject_250723\scripts\export_command_log_3.py","B908019D8DCC51F2E211E56F060B14CD5124C6BDD7D61A20180A41A08A6A6960"
"export_command_log_4.py","C:\SNS_24AutoProject_250723\scripts\export_command_log_4.py","B908019D8DCC51F2E211E56F060B14CD5124C6BDD7D61A20180A41A08A6A6960"
"export_command_log_5.py","C:\SNS_24AutoProject_250723\scripts\export_command_log_5.py","B908019D8DCC51F2E211E56F060B14CD5124C6BDD7D61A20180A41A08A6A6960"
"export_command_log_6.py","C:\SNS_24AutoProject_250723\scripts\export_command_log_6.py","B908019D8DCC51F2E211E56F060B14CD5124C6BDD7D61A20180A41A08A6A6960"
"export_db_schema_to_csv.py","C:\SNS_24AutoProject_250723\scripts\export_db_schema_to_csv.py","BB73978ADC9A22ADC64F7914A946B7788A8EE10C27C7D5E5D6025DA8AA3F79E0"
"export_db_snapshot_excel.py","C:\SNS_24AutoProject_250723\scripts\export_db_snapshot_excel.py","D5A279FCB16E904FD5C9683EAEB91ECF1599B42D1B828F95F7B8B6CF98DCDF43"
"export_disk_log.py","C:\SNS_24AutoProject_250723\scripts\export_disk_log.py","540B77B79034A043A4B9BB6461628CDCB556851FABBF80E6B6BAF94B2F24AA53"
"export_disk_log_1.py","C:\SNS_24AutoProject_250723\scripts\export_disk_log_1.py","C87E5DF57DBBF1F5ADFA500B3AC81CCAC33D5225037F33BEDCE0CB12E53FA2B6"
"export_disk_log_2.py","C:\SNS_24AutoProject_250723\scripts\export_disk_log_2.py","C87E5DF57DBBF1F5ADFA500B3AC81CCAC33D5225037F33BEDCE0CB12E53FA2B6"
"export_disk_log_3.py","C:\SNS_24AutoProject_250723\scripts\export_disk_log_3.py","C87E5DF57DBBF1F5ADFA500B3AC81CCAC33D5225037F33BEDCE0CB12E53FA2B6"
"export_disk_log_4.py","C:\SNS_24AutoProject_250723\scripts\export_disk_log_4.py","C87E5DF57DBBF1F5ADFA500B3AC81CCAC33D5225037F33BEDCE0CB12E53FA2B6"
"export_disk_log_5.py","C:\SNS_24AutoProject_250723\scripts\export_disk_log_5.py","C87E5DF57DBBF1F5ADFA500B3AC81CCAC33D5225037F33BEDCE0CB12E53FA2B6"
"export_disk_log_6.py","C:\SNS_24AutoProject_250723\scripts\export_disk_log_6.py","C87E5DF57DBBF1F5ADFA500B3AC81CCAC33D5225037F33BEDCE0CB12E53FA2B6"
"export_env_log.py","C:\SNS_24AutoProject_250723\scripts\export_env_log.py","EA13C3C7FAA1758CFDC35BFC9764BED2EDA8371C928CB1DE9B522015FA17FA5B"
"export_env_log_1.py","C:\SNS_24AutoProject_250723\scripts\export_env_log_1.py","E5F2D211C2B0DFA8D70151874A54AE6DB410B18D595944106691824EA93F94A4"
"export_env_log_2.py","C:\SNS_24AutoProject_250723\scripts\export_env_log_2.py","E5F2D211C2B0DFA8D70151874A54AE6DB410B18D595944106691824EA93F94A4"
"export_env_log_3.py","C:\SNS_24AutoProject_250723\scripts\export_env_log_3.py","E5F2D211C2B0DFA8D70151874A54AE6DB410B18D595944106691824EA93F94A4"
"export_env_log_4.py","C:\SNS_24AutoProject_250723\scripts\export_env_log_4.py","E5F2D211C2B0DFA8D70151874A54AE6DB410B18D595944106691824EA93F94A4"
"export_env_log_5.py","C:\SNS_24AutoProject_250723\scripts\export_env_log_5.py","E5F2D211C2B0DFA8D70151874A54AE6DB410B18D595944106691824EA93F94A4"
"export_env_log_6.py","C:\SNS_24AutoProject_250723\scripts\export_env_log_6.py","E5F2D211C2B0DFA8D70151874A54AE6DB410B18D595944106691824EA93F94A4"
"export_feedback_log.py","C:\SNS_24AutoProject_250723\scripts\export_feedback_log.py","8521F8711209720998E92D72320988B93CAD49B3162C098E1B1253875A8CBDE4"
"export_feedback_log_1.py","C:\SNS_24AutoProject_250723\scripts\export_feedback_log_1.py","FDD78005587AFD83E42ABC7F4F704269903F2575704383F9AE7138D03C470658"
"export_git_commits_to_csv.py","C:\SNS_24AutoProject_250723\scripts\export_git_commits_to_csv.py","0014FC3DD57247704C92E89F01EC76E7ECC10EE0C7B7B97705E7E3A5C21D5C54"
"export_hook_logs_to_csv.py","C:\SNS_24AutoProject_250723\scripts\export_hook_logs_to_csv.py","E7B724A1B99F3F79D595B5CDDD73F0523546F716099004F44B9B0D8CB7260C6C"
"export_hook_logs_to_csv_1.py","C:\SNS_24AutoProject_250723\scripts\export_hook_logs_to_csv_1.py","159FBB9AC59BB8246DE6112080F8187F2A5FC4F7FE72AB5123347A70DE0099D1"
"export_hook_logs_to_csv_2.py","C:\SNS_24AutoProject_250723\scripts\export_hook_logs_to_csv_2.py","159FBB9AC59BB8246DE6112080F8187F2A5FC4F7FE72AB5123347A70DE0099D1"
"export_hook_logs_to_csv_3.py","C:\SNS_24AutoProject_250723\scripts\export_hook_logs_to_csv_3.py","159FBB9AC59BB8246DE6112080F8187F2A5FC4F7FE72AB5123347A70DE0099D1"
"export_hook_logs_to_csv_4.py","C:\SNS_24AutoProject_250723\scripts\export_hook_logs_to_csv_4.py","159FBB9AC59BB8246DE6112080F8187F2A5FC4F7FE72AB5123347A70DE0099D1"
"export_hook_logs_to_csv_5.py","C:\SNS_24AutoProject_250723\scripts\export_hook_logs_to_csv_5.py","159FBB9AC59BB8246DE6112080F8187F2A5FC4F7FE72AB5123347A70DE0099D1"
"export_hook_logs_to_csv_6.py","C:\SNS_24AutoProject_250723\scripts\export_hook_logs_to_csv_6.py","159FBB9AC59BB8246DE6112080F8187F2A5FC4F7FE72AB5123347A70DE0099D1"
"export_logtrace.py","C:\SNS_24AutoProject_250723\scripts\export_logtrace.py","5EA2039DE1BE3DE96FD7582F49553D26B158C7FD7C85E0D97597387763AF18CC"
"export_logtrace_1.py","C:\SNS_24AutoProject_250723\scripts\export_logtrace_1.py","0446D25228E9D8769F4C4BCC9D62D4E1FFAD4489F26F013E68C017C0587B09A3"
"export_logtrace_2.py","C:\SNS_24AutoProject_250723\scripts\export_logtrace_2.py","9C5636FAE1E99DC5BA27C594AF2FFA650BDEBA71F552E7640D918A2041A00FEF"
"export_logtrace_3.py","C:\SNS_24AutoProject_250723\scripts\export_logtrace_3.py","0446D25228E9D8769F4C4BCC9D62D4E1FFAD4489F26F013E68C017C0587B09A3"
"export_logtrace_4.py","C:\SNS_24AutoProject_250723\scripts\export_logtrace_4.py","9C5636FAE1E99DC5BA27C594AF2FFA650BDEBA71F552E7640D918A2041A00FEF"
"export_logtrace_5.py","C:\SNS_24AutoProject_250723\scripts\export_logtrace_5.py","0446D25228E9D8769F4C4BCC9D62D4E1FFAD4489F26F013E68C017C0587B09A3"
"export_logtrace_6.py","C:\SNS_24AutoProject_250723\scripts\export_logtrace_6.py","9C5636FAE1E99DC5BA27C594AF2FFA650BDEBA71F552E7640D918A2041A00FEF"
"export_logtrace_table.py","C:\SNS_24AutoProject_250723\scripts\export_logtrace_table.py","2D89236499463E78DC64F21343BF11532A5803B3813BFC343DA297EAE24CE585"
"export_logtrace_table_1.py","C:\SNS_24AutoProject_250723\scripts\export_logtrace_table_1.py","E9C120BC0854BDF308FFFB0A860297F98CF452E8ECA16220FD2CCAAF2D30906F"
"export_logtrace_to_csv.py","C:\SNS_24AutoProject_250723\scripts\export_logtrace_to_csv.py","B1B4EEB3F44DB6EEC1E6BA968C17B31DF9F7FEB7963F0331021B901B895D45E9"
"export_logtrace_to_csv_1.py","C:\SNS_24AutoProject_250723\scripts\export_logtrace_to_csv_1.py","55207B10D76A8F498D2BFAC80A378309C4081F1EB0D20031D0AE7E1946318D7E"
"export_logtrace_to_csv_2.py","C:\SNS_24AutoProject_250723\scripts\export_logtrace_to_csv_2.py","55207B10D76A8F498D2BFAC80A378309C4081F1EB0D20031D0AE7E1946318D7E"
"export_logtrace_to_csv_3.py","C:\SNS_24AutoProject_250723\scripts\export_logtrace_to_csv_3.py","55207B10D76A8F498D2BFAC80A378309C4081F1EB0D20031D0AE7E1946318D7E"
"export_logtrace_to_csv_4.py","C:\SNS_24AutoProject_250723\scripts\export_logtrace_to_csv_4.py","55207B10D76A8F498D2BFAC80A378309C4081F1EB0D20031D0AE7E1946318D7E"
"export_logtrace_to_csv_5.py","C:\SNS_24AutoProject_250723\scripts\export_logtrace_to_csv_5.py","55207B10D76A8F498D2BFAC80A378309C4081F1EB0D20031D0AE7E1946318D7E"
"export_logtrace_to_csv_6.py","C:\SNS_24AutoProject_250723\scripts\export_logtrace_to_csv_6.py","55207B10D76A8F498D2BFAC80A378309C4081F1EB0D20031D0AE7E1946318D7E"
"export_logtrace_to_csv_with_datetime.py","C:\SNS_24AutoProject_250723\scripts\export_logtrace_to_csv_with_datetime.py","2B3B00742E3DDDBEF24E3015B17E1FDD7917DB5FE131509477549A07282CA4BF"
"export_logtrace_to_csv_with_datetime_1.py","C:\SNS_24AutoProject_250723\scripts\export_logtrace_to_csv_with_datetime_1.py","9E5ED0AF5D0B12C19AE12CF2EB3EA18AEF4155C5FDF23A7374CA5CDC7206DDCB"
"export_logtrace_to_csv_with_datetime_2.py","C:\SNS_24AutoProject_250723\scripts\export_logtrace_to_csv_with_datetime_2.py","9E5ED0AF5D0B12C19AE12CF2EB3EA18AEF4155C5FDF23A7374CA5CDC7206DDCB"
"export_logtrace_to_csv_with_datetime_3.py","C:\SNS_24AutoProject_250723\scripts\export_logtrace_to_csv_with_datetime_3.py","9E5ED0AF5D0B12C19AE12CF2EB3EA18AEF4155C5FDF23A7374CA5CDC7206DDCB"
"export_logtrace_to_csv_with_datetime_4.py","C:\SNS_24AutoProject_250723\scripts\export_logtrace_to_csv_with_datetime_4.py","9E5ED0AF5D0B12C19AE12CF2EB3EA18AEF4155C5FDF23A7374CA5CDC7206DDCB"
"export_logtrace_to_csv_with_datetime_5.py","C:\SNS_24AutoProject_250723\scripts\export_logtrace_to_csv_with_datetime_5.py","9E5ED0AF5D0B12C19AE12CF2EB3EA18AEF4155C5FDF23A7374CA5CDC7206DDCB"
"export_logtrace_to_csv_with_datetime_6.py","C:\SNS_24AutoProject_250723\scripts\export_logtrace_to_csv_with_datetime_6.py","9E5ED0AF5D0B12C19AE12CF2EB3EA18AEF4155C5FDF23A7374CA5CDC7206DDCB"
"export_logtrace_to_excel.py","C:\SNS_24AutoProject_250723\scripts\export_logtrace_to_excel.py","4360E53C323675B56951036CC0DF7FDEB41BCBEC99451FC47A28D7FA9D3CD3C9"
"export_logtrace_to_excel_1.py","C:\SNS_24AutoProject_250723\scripts\export_logtrace_to_excel_1.py","FC0941B2B2B72256E8137C7D18331F8546FE48529A0DDC3FC6ACAB9059A4FC94"
"export_logtrace_to_excel_2.py","C:\SNS_24AutoProject_250723\scripts\export_logtrace_to_excel_2.py","FC0941B2B2B72256E8137C7D18331F8546FE48529A0DDC3FC6ACAB9059A4FC94"
"export_logtrace_to_excel_3.py","C:\SNS_24AutoProject_250723\scripts\export_logtrace_to_excel_3.py","FC0941B2B2B72256E8137C7D18331F8546FE48529A0DDC3FC6ACAB9059A4FC94"
"export_logtrace_to_excel_4.py","C:\SNS_24AutoProject_250723\scripts\export_logtrace_to_excel_4.py","FC0941B2B2B72256E8137C7D18331F8546FE48529A0DDC3FC6ACAB9059A4FC94"
"export_logtrace_to_excel_5.py","C:\SNS_24AutoProject_250723\scripts\export_logtrace_to_excel_5.py","FC0941B2B2B72256E8137C7D18331F8546FE48529A0DDC3FC6ACAB9059A4FC94"
"export_logtrace_to_excel_6.py","C:\SNS_24AutoProject_250723\scripts\export_logtrace_to_excel_6.py","FC0941B2B2B72256E8137C7D18331F8546FE48529A0DDC3FC6ACAB9059A4FC94"
"export_logtrace_to_excel_with_datetime.py","C:\SNS_24AutoProject_250723\scripts\export_logtrace_to_excel_with_datetime.py","B73989F78D0C05790043182BEA9879CEC2A6F0F3C2A74562ACC9BA74392CEDD7"
"export_logtrace_to_excel_with_datetime_1.py","C:\SNS_24AutoProject_250723\scripts\export_logtrace_to_excel_with_datetime_1.py","F9ED3E0D75825067E959E35FBAE15F7AEBDCD14FC0A721F7D2650219B4B3E725"
"export_logtrace_to_excel_with_datetime_2.py","C:\SNS_24AutoProject_250723\scripts\export_logtrace_to_excel_with_datetime_2.py","F9ED3E0D75825067E959E35FBAE15F7AEBDCD14FC0A721F7D2650219B4B3E725"
"export_logtrace_to_excel_with_datetime_3.py","C:\SNS_24AutoProject_250723\scripts\export_logtrace_to_excel_with_datetime_3.py","F9ED3E0D75825067E959E35FBAE15F7AEBDCD14FC0A721F7D2650219B4B3E725"
"export_logtrace_to_excel_with_datetime_4.py","C:\SNS_24AutoProject_250723\scripts\export_logtrace_to_excel_with_datetime_4.py","F9ED3E0D75825067E959E35FBAE15F7AEBDCD14FC0A721F7D2650219B4B3E725"
"export_logtrace_to_excel_with_datetime_5.py","C:\SNS_24AutoProject_250723\scripts\export_logtrace_to_excel_with_datetime_5.py","F9ED3E0D75825067E959E35FBAE15F7AEBDCD14FC0A721F7D2650219B4B3E725"
"export_logtrace_to_excel_with_datetime_6.py","C:\SNS_24AutoProject_250723\scripts\export_logtrace_to_excel_with_datetime_6.py","F9ED3E0D75825067E959E35FBAE15F7AEBDCD14FC0A721F7D2650219B4B3E725"
"export_logtrace_with_datetime.py","C:\SNS_24AutoProject_250723\scripts\export_logtrace_with_datetime.py","2B3B00742E3DDDBEF24E3015B17E1FDD7917DB5FE131509477549A07282CA4BF"
"export_logtrace_with_datetime_1.py","C:\SNS_24AutoProject_250723\scripts\export_logtrace_with_datetime_1.py","9E5ED0AF5D0B12C19AE12CF2EB3EA18AEF4155C5FDF23A7374CA5CDC7206DDCB"
"export_logtrace_with_datetime_2.py","C:\SNS_24AutoProject_250723\scripts\export_logtrace_with_datetime_2.py","9E5ED0AF5D0B12C19AE12CF2EB3EA18AEF4155C5FDF23A7374CA5CDC7206DDCB"
"export_logtrace_with_datetime_3.py","C:\SNS_24AutoProject_250723\scripts\export_logtrace_with_datetime_3.py","9E5ED0AF5D0B12C19AE12CF2EB3EA18AEF4155C5FDF23A7374CA5CDC7206DDCB"
"export_logtrace_with_datetime_4.py","C:\SNS_24AutoProject_250723\scripts\export_logtrace_with_datetime_4.py","9E5ED0AF5D0B12C19AE12CF2EB3EA18AEF4155C5FDF23A7374CA5CDC7206DDCB"
"export_logtrace_with_datetime_5.py","C:\SNS_24AutoProject_250723\scripts\export_logtrace_with_datetime_5.py","9E5ED0AF5D0B12C19AE12CF2EB3EA18AEF4155C5FDF23A7374CA5CDC7206DDCB"
"export_logtrace_with_datetime_6.py","C:\SNS_24AutoProject_250723\scripts\export_logtrace_with_datetime_6.py","9E5ED0AF5D0B12C19AE12CF2EB3EA18AEF4155C5FDF23A7374CA5CDC7206DDCB"
"export_logtrace_with_datetime_csv.py","C:\SNS_24AutoProject_250723\scripts\export_logtrace_with_datetime_csv.py","D6F47A06BB0EE836DDAAFDC94ED21B5CEC002C515A1FF85F6FEC612EE13DE530"
"export_logtrace_with_datetime_csv_1.py","C:\SNS_24AutoProject_250723\scripts\export_logtrace_with_datetime_csv_1.py","BF180E2DA45CB5A243EADC39742E5D6F65480A47EBA50493C5A26FE712681485"
"export_logtrace_with_datetime_csv_2.py","C:\SNS_24AutoProject_250723\scripts\export_logtrace_with_datetime_csv_2.py","BF180E2DA45CB5A243EADC39742E5D6F65480A47EBA50493C5A26FE712681485"
"export_logtrace_with_datetime_csv_3.py","C:\SNS_24AutoProject_250723\scripts\export_logtrace_with_datetime_csv_3.py","BF180E2DA45CB5A243EADC39742E5D6F65480A47EBA50493C5A26FE712681485"
"export_logtrace_with_datetime_csv_4.py","C:\SNS_24AutoProject_250723\scripts\export_logtrace_with_datetime_csv_4.py","BF180E2DA45CB5A243EADC39742E5D6F65480A47EBA50493C5A26FE712681485"
"export_logtrace_with_datetime_csv_5.py","C:\SNS_24AutoProject_250723\scripts\export_logtrace_with_datetime_csv_5.py","BF180E2DA45CB5A243EADC39742E5D6F65480A47EBA50493C5A26FE712681485"
"export_logtrace_with_datetime_csv_6.py","C:\SNS_24AutoProject_250723\scripts\export_logtrace_with_datetime_csv_6.py","BF180E2DA45CB5A243EADC39742E5D6F65480A47EBA50493C5A26FE712681485"
"export_logtrace_with_os_path.py","C:\SNS_24AutoProject_250723\scripts\export_logtrace_with_os_path.py","D6F47A06BB0EE836DDAAFDC94ED21B5CEC002C515A1FF85F6FEC612EE13DE530"
"export_logtrace_with_os_path_1.py","C:\SNS_24AutoProject_250723\scripts\export_logtrace_with_os_path_1.py","BF180E2DA45CB5A243EADC39742E5D6F65480A47EBA50493C5A26FE712681485"
"export_logtrace_with_os_path_2.py","C:\SNS_24AutoProject_250723\scripts\export_logtrace_with_os_path_2.py","BF180E2DA45CB5A243EADC39742E5D6F65480A47EBA50493C5A26FE712681485"
"export_logtrace_with_os_path_3.py","C:\SNS_24AutoProject_250723\scripts\export_logtrace_with_os_path_3.py","BF180E2DA45CB5A243EADC39742E5D6F65480A47EBA50493C5A26FE712681485"
"export_logtrace_with_os_path_4.py","C:\SNS_24AutoProject_250723\scripts\export_logtrace_with_os_path_4.py","BF180E2DA45CB5A243EADC39742E5D6F65480A47EBA50493C5A26FE712681485"
"export_logtrace_with_os_path_5.py","C:\SNS_24AutoProject_250723\scripts\export_logtrace_with_os_path_5.py","BF180E2DA45CB5A243EADC39742E5D6F65480A47EBA50493C5A26FE712681485"
"export_logtrace_with_os_path_6.py","C:\SNS_24AutoProject_250723\scripts\export_logtrace_with_os_path_6.py","BF180E2DA45CB5A243EADC39742E5D6F65480A47EBA50493C5A26FE712681485"
"export_log_summary.py","C:\SNS_24AutoProject_250723\scripts\export_log_summary.py","3DEF8654342A9ACB99FE71A4765F12BFC98D1D1B74500F3BCC902F70E01B035D"
"export_log_summary_1.py","C:\SNS_24AutoProject_250723\scripts\export_log_summary_1.py","4B900E6B5C91610F20689F85843C23FBD1645C388A0D4144516B44D894708275"
"export_log_summary_2.py","C:\SNS_24AutoProject_250723\scripts\export_log_summary_2.py","4B900E6B5C91610F20689F85843C23FBD1645C388A0D4144516B44D894708275"
"export_log_summary_csv_with_datetime.py","C:\SNS_24AutoProject_250723\scripts\export_log_summary_csv_with_datetime.py","D44520568C1D5F051B210B163F92B923344B69B11458E67D418CE7B429326786"
"export_log_summary_csv_with_datetime_1.py","C:\SNS_24AutoProject_250723\scripts\export_log_summary_csv_with_datetime_1.py","033F772330CEC6855714DC69D94BB4DA93BEBF91317830C16B72CAD42FC3B108"
"export_log_summary_csv_with_datetime_2.py","C:\SNS_24AutoProject_250723\scripts\export_log_summary_csv_with_datetime_2.py","033F772330CEC6855714DC69D94BB4DA93BEBF91317830C16B72CAD42FC3B108"
"export_log_summary_csv_with_datetime_3.py","C:\SNS_24AutoProject_250723\scripts\export_log_summary_csv_with_datetime_3.py","033F772330CEC6855714DC69D94BB4DA93BEBF91317830C16B72CAD42FC3B108"
"export_log_summary_csv_with_datetime_4.py","C:\SNS_24AutoProject_250723\scripts\export_log_summary_csv_with_datetime_4.py","033F772330CEC6855714DC69D94BB4DA93BEBF91317830C16B72CAD42FC3B108"
"export_log_summary_csv_with_datetime_5.py","C:\SNS_24AutoProject_250723\scripts\export_log_summary_csv_with_datetime_5.py","033F772330CEC6855714DC69D94BB4DA93BEBF91317830C16B72CAD42FC3B108"
"export_log_summary_csv_with_datetime_6.py","C:\SNS_24AutoProject_250723\scripts\export_log_summary_csv_with_datetime_6.py","033F772330CEC6855714DC69D94BB4DA93BEBF91317830C16B72CAD42FC3B108"
"export_network_log.py","C:\SNS_24AutoProject_250723\scripts\export_network_log.py","9CD831736DF93A233BDDCD03405BB5F6DCAC507A1FEEFD6A85744DE42B31D763"
"export_network_log_1.py","C:\SNS_24AutoProject_250723\scripts\export_network_log_1.py","1ACB912910EB1D320DEA2B2B29B8815106754B549931ACED9483F190E51CD693"
"export_network_log_2.py","C:\SNS_24AutoProject_250723\scripts\export_network_log_2.py","1ACB912910EB1D320DEA2B2B29B8815106754B549931ACED9483F190E51CD693"
"export_network_log_3.py","C:\SNS_24AutoProject_250723\scripts\export_network_log_3.py","1ACB912910EB1D320DEA2B2B29B8815106754B549931ACED9483F190E51CD693"
"export_network_log_4.py","C:\SNS_24AutoProject_250723\scripts\export_network_log_4.py","1ACB912910EB1D320DEA2B2B29B8815106754B549931ACED9483F190E51CD693"
"export_network_log_5.py","C:\SNS_24AutoProject_250723\scripts\export_network_log_5.py","1ACB912910EB1D320DEA2B2B29B8815106754B549931ACED9483F190E51CD693"
"export_network_log_6.py","C:\SNS_24AutoProject_250723\scripts\export_network_log_6.py","1ACB912910EB1D320DEA2B2B29B8815106754B549931ACED9483F190E51CD693"
"export_session_log.py","C:\SNS_24AutoProject_250723\scripts\export_session_log.py","6D74AE0B9901607F3EF5D51FF2FCA8ADE44E3E638DE42325DD80389691A6B380"
"export_session_log_1.py","C:\SNS_24AutoProject_250723\scripts\export_session_log_1.py","4C9522C7993144C1F77A03420293A2BC68A60FC9DCCB6D6AC5278583F14656DA"
"export_session_log_2.py","C:\SNS_24AutoProject_250723\scripts\export_session_log_2.py","4C9522C7993144C1F77A03420293A2BC68A60FC9DCCB6D6AC5278583F14656DA"
"export_session_log_3.py","C:\SNS_24AutoProject_250723\scripts\export_session_log_3.py","4C9522C7993144C1F77A03420293A2BC68A60FC9DCCB6D6AC5278583F14656DA"
"export_session_log_4.py","C:\SNS_24AutoProject_250723\scripts\export_session_log_4.py","4C9522C7993144C1F77A03420293A2BC68A60FC9DCCB6D6AC5278583F14656DA"
"export_session_log_5.py","C:\SNS_24AutoProject_250723\scripts\export_session_log_5.py","4C9522C7993144C1F77A03420293A2BC68A60FC9DCCB6D6AC5278583F14656DA"
"export_session_log_6.py","C:\SNS_24AutoProject_250723\scripts\export_session_log_6.py","4C9522C7993144C1F77A03420293A2BC68A60FC9DCCB6D6AC5278583F14656DA"
"export_session_qasummary.py","C:\SNS_24AutoProject_250723\scripts\export_session_qasummary.py","BCEC3CE948C2780EF9490E8EADDC953B45AA8B32BC590AC2A3D96B263B13FEF7"
"export_session_results_to_csv.py","C:\SNS_24AutoProject_250723\scripts\export_session_results_to_csv.py","42406A72BE875F2B7AFE6582B4FD105538150BE831870FCE426B796935F46BFA"
"export_session_results_to_csv_1.py","C:\SNS_24AutoProject_250723\scripts\export_session_results_to_csv_1.py","D2CEAB193CAF7E7BB42BEB3666253B879795D653AC809B4A64453F0294BC0B67"
"export_session_results_to_csv_2.py","C:\SNS_24AutoProject_250723\scripts\export_session_results_to_csv_2.py","D2CEAB193CAF7E7BB42BEB3666253B879795D653AC809B4A64453F0294BC0B67"
"export_session_results_to_csv_3.py","C:\SNS_24AutoProject_250723\scripts\export_session_results_to_csv_3.py","D2CEAB193CAF7E7BB42BEB3666253B879795D653AC809B4A64453F0294BC0B67"
"export_session_results_to_csv_4.py","C:\SNS_24AutoProject_250723\scripts\export_session_results_to_csv_4.py","D2CEAB193CAF7E7BB42BEB3666253B879795D653AC809B4A64453F0294BC0B67"
"export_session_results_to_csv_5.py","C:\SNS_24AutoProject_250723\scripts\export_session_results_to_csv_5.py","D2CEAB193CAF7E7BB42BEB3666253B879795D653AC809B4A64453F0294BC0B67"
"export_session_results_to_csv_6.py","C:\SNS_24AutoProject_250723\scripts\export_session_results_to_csv_6.py","D2CEAB193CAF7E7BB42BEB3666253B879795D653AC809B4A64453F0294BC0B67"
"export_session_results_to_csv_with_datetime.py","C:\SNS_24AutoProject_250723\scripts\export_session_results_to_csv_with_datetime.py","01E25F030518BA467DF8D6E8F40EA374D269EB78690D7F0885787BC25D9F85D1"
"export_session_results_to_csv_with_datetime_1.py","C:\SNS_24AutoProject_250723\scripts\export_session_results_to_csv_with_datetime_1.py","5495A003EBDBC1BD5A64F9EF6116A6872513F73DC9E722AC22FF4868444231F6"
"export_session_results_to_csv_with_datetime_2.py","C:\SNS_24AutoProject_250723\scripts\export_session_results_to_csv_with_datetime_2.py","5495A003EBDBC1BD5A64F9EF6116A6872513F73DC9E722AC22FF4868444231F6"
"export_session_results_to_csv_with_datetime_3.py","C:\SNS_24AutoProject_250723\scripts\export_session_results_to_csv_with_datetime_3.py","5495A003EBDBC1BD5A64F9EF6116A6872513F73DC9E722AC22FF4868444231F6"
"export_session_results_to_csv_with_datetime_4.py","C:\SNS_24AutoProject_250723\scripts\export_session_results_to_csv_with_datetime_4.py","5495A003EBDBC1BD5A64F9EF6116A6872513F73DC9E722AC22FF4868444231F6"
"export_session_results_to_csv_with_datetime_5.py","C:\SNS_24AutoProject_250723\scripts\export_session_results_to_csv_with_datetime_5.py","5495A003EBDBC1BD5A64F9EF6116A6872513F73DC9E722AC22FF4868444231F6"
"export_session_results_to_csv_with_datetime_6.py","C:\SNS_24AutoProject_250723\scripts\export_session_results_to_csv_with_datetime_6.py","5495A003EBDBC1BD5A64F9EF6116A6872513F73DC9E722AC22FF4868444231F6"
"export_session_results_with_datetime.py","C:\SNS_24AutoProject_250723\scripts\export_session_results_with_datetime.py","3BB37BCABD832E3B074C4D086F4860059CB39CF9484A31ED82AA2F65FE8AA793"
"export_session_results_with_datetime_1.py","C:\SNS_24AutoProject_250723\scripts\export_session_results_with_datetime_1.py","8A8ABB2D53667611847D8CDB028C1105B370C678373111F3258285D7264BCB09"
"export_session_results_with_datetime_2.py","C:\SNS_24AutoProject_250723\scripts\export_session_results_with_datetime_2.py","8A8ABB2D53667611847D8CDB028C1105B370C678373111F3258285D7264BCB09"
"export_session_results_with_datetime_3.py","C:\SNS_24AutoProject_250723\scripts\export_session_results_with_datetime_3.py","8A8ABB2D53667611847D8CDB028C1105B370C678373111F3258285D7264BCB09"
"export_session_results_with_datetime_4.py","C:\SNS_24AutoProject_250723\scripts\export_session_results_with_datetime_4.py","8A8ABB2D53667611847D8CDB028C1105B370C678373111F3258285D7264BCB09"
"export_session_results_with_datetime_5.py","C:\SNS_24AutoProject_250723\scripts\export_session_results_with_datetime_5.py","8A8ABB2D53667611847D8CDB028C1105B370C678373111F3258285D7264BCB09"
"export_session_results_with_datetime_6.py","C:\SNS_24AutoProject_250723\scripts\export_session_results_with_datetime_6.py","8A8ABB2D53667611847D8CDB028C1105B370C678373111F3258285D7264BCB09"
"export_session_results_with_datetime_excel.py","C:\SNS_24AutoProject_250723\scripts\export_session_results_with_datetime_excel.py","5A0F8DC6AE59D665046548FECC1B4A8ACAD7B10DABB1CD9553E58936D8FE103A"
"export_session_results_with_datetime_excel_1.py","C:\SNS_24AutoProject_250723\scripts\export_session_results_with_datetime_excel_1.py","ED9ABAB8A16CBFE399A1A361397B16E7878C2AC6693711F3BB911DBBD4F0FC8A"
"export_session_results_with_datetime_excel_2.py","C:\SNS_24AutoProject_250723\scripts\export_session_results_with_datetime_excel_2.py","ED9ABAB8A16CBFE399A1A361397B16E7878C2AC6693711F3BB911DBBD4F0FC8A"
"export_session_results_with_datetime_excel_3.py","C:\SNS_24AutoProject_250723\scripts\export_session_results_with_datetime_excel_3.py","ED9ABAB8A16CBFE399A1A361397B16E7878C2AC6693711F3BB911DBBD4F0FC8A"
"export_session_results_with_datetime_excel_4.py","C:\SNS_24AutoProject_250723\scripts\export_session_results_with_datetime_excel_4.py","ED9ABAB8A16CBFE399A1A361397B16E7878C2AC6693711F3BB911DBBD4F0FC8A"
"export_session_results_with_datetime_excel_5.py","C:\SNS_24AutoProject_250723\scripts\export_session_results_with_datetime_excel_5.py","ED9ABAB8A16CBFE399A1A361397B16E7878C2AC6693711F3BB911DBBD4F0FC8A"
"export_session_results_with_datetime_excel_6.py","C:\SNS_24AutoProject_250723\scripts\export_session_results_with_datetime_excel_6.py","ED9ABAB8A16CBFE399A1A361397B16E7878C2AC6693711F3BB911DBBD4F0FC8A"
"generate_log_statistics_6.py","C:\SNS_24AutoProject_250723\scripts\generate_log_statistics_6.py","42196DDAF82E210126F9C9D1001BF4A60994C422F764275F3BCDEFC0C490D0BD"
"generate_log_summary_5.py","C:\SNS_24AutoProject_250723\scripts\generate_log_summary_5.py","A0AE85C6873033F065E7EBA8DFA45282705A7C1C29EEFF320649C5D61792ADD4"
"generate_log_summary_6.py","C:\SNS_24AutoProject_250723\scripts\generate_log_summary_6.py","F7076FD5055A0164DA96BA0D2F745C545A38707050A0976760AE418B4DAFAE31"
"generate_manuals_2.py","C:\SNS_24AutoProject_250723\scripts\generate_manuals_2.py","E319A23CF6B7421EEB4B10D432A2595B08DC04E46FFBEE5CF65E769279C59065"
"generate_operational_plan_2.py","C:\SNS_24AutoProject_250723\scripts\generate_operational_plan_2.py","DF96A73D3EF95B1418CA486753C3E9E912B882F5ECD1218A287185A6A876107C"
"generate_qa_review_2.py","C:\SNS_24AutoProject_250723\scripts\generate_qa_review_2.py","C0524E45B173C4BE8FD8DD8FEEC9BF7E90218074D554B4369351858F3046EDA9"
"generate_readme_5.py","C:\SNS_24AutoProject_250723\scripts\generate_readme_5.py","11DF1769E0E6C453FCA2E9857C9D718A505AC1B1CF7F892B2A83725D3C75BA5B"
"generate_release_info_2.py","C:\SNS_24AutoProject_250723\scripts\generate_release_info_2.py","7500FBEED90B6CC13C3D8D447158F9BC2AC3C45865D4F1AF493BC6A608B5A28B"
"inspect_db_schema_6.py","C:\SNS_24AutoProject_250723\scripts\inspect_db_schema_6.py","258B9690B1DAD9BB3269F6F2072BBC4CB89C3FAE0F362952CB58BD36822E59C6"
"inspect_users_table_2.py","C:\SNS_24AutoProject_250723\scripts\inspect_users_table_2.py","825DB7272CAF3687DFD65F1ED9ACBC14E9AF6B2493042CE908B8C94BE8E65096"
"install_scripts.py","C:\SNS_24AutoProject_250723\scripts\install_scripts.py","8288B8BBCBEE998BCF4412FDDA7035B8495F3C4A0CEB24FE0AF32A34DF03BD10"
"install_scripts_1.py","C:\SNS_24AutoProject_250723\scripts\install_scripts_1.py","7090990AF7FB4FF4C55859BCD78B0DAC99D45A99B305172533E6CE00BFE63FF0"
"log_final_run_check_2.py","C:\SNS_24AutoProject_250723\scripts\log_final_run_check_2.py","32483FEC97C3B4FD8FFE7C67F1AD3AB09E6247BEC65EF51C4E7A7461BD196552"
"scripts.py","C:\SNS_24AutoProject_250723\scripts\scripts.py","32DB0ED1EF249FB6DF238D722459E667673C89CB6A63F558D76FB4E59C72292A"
"send_email_report_1.py","C:\SNS_24AutoProject_250723\scripts\send_email_report_1.py","6082766E12EE39D637B07C019740372E16E1F086D607FC5F5729D89AE5555706"
"send_log_webhook_2.py","C:\SNS_24AutoProject_250723\scripts\send_log_webhook_2.py","6455EC345063887374AB03CF62392F1368B9BD7A3E841A4BCBB210A7F9EFC9E8"
"send_summary_email_1.py","C:\SNS_24AutoProject_250723\scripts\send_summary_email_1.py","5A0C33002B02B8FB3CC9EF8968A22B5893A1DEF02BDFF998D50044D70B3465EB"
"upgrade_users_add_role_2.py","C:\SNS_24AutoProject_250723\scripts\upgrade_users_add_role_2.py","140F455DF40076D4B2B56BE346823EB65ED47AD09584DBC0F3E269A1A674C130"
"verify_session_integrity_6.py","C:\SNS_24AutoProject_250723\scripts\verify_session_integrity_6.py","85231FDA8749BD0B5289CD31A5E5114C336C504D68A0FD1051A463D1647FE008"
"zip_log_exports_6.py","C:\SNS_24AutoProject_250723\scripts\zip_log_exports_6.py","F3E62ED3F4F67BB15A882AD56207E2FA1FA2C7152893E8D3D3A4C0BF52442BA3"
"_export_format_8fa3e61b_6.py","C:\SNS_24AutoProject_250723\scripts\_export_format_8fa3e61b_6.py","612A277783EEE28490F804E0DF80A75E079A8C2009F207B2789B46094C59C5EF"
"test_account_runner.py","C:\SNS_24AutoProject_250723\tests\test_account_runner.py","38AAD412CABBABD0678AC48FB916DCA3A54FC48A61CB83FB4DE8DA424306967A"
"test_account_runner_log_coverage.py","C:\SNS_24AutoProject_250723\tests\test_account_runner_log_coverage.py","3FB94AEFFA626D02C2910F61E563E2E4530FE15B8882AB34BBB5C763455DE8E3"
"test_api.py","C:\SNS_24AutoProject_250723\tests\test_api.py","0510A13080336E67D774C6A9BF0CF2117E7029AED8DC9A79B24F75DFEC5C3632"
"test_auto_generate_tests.py","C:\SNS_24AutoProject_250723\tests\test_auto_generate_tests.py","024266D4CAC8AFEE246296D4405FCC2F39AE1CE3D1640632B3A2E81C23AFF76E"
"test_cfg_local.py","C:\SNS_24AutoProject_250723\tests\test_cfg_local.py","3EECD2BF7E238AC235421E5E4D897DA0A449013C309425086E6E30182A816E30"
"test_entry_queue.py","C:\SNS_24AutoProject_250723\tests\test_entry_queue.py","2EC0131754BD544437689D43D8B6E9C15B1E37A6A9CE40C39D66758DF9C5DF6C"
"test_log_trace.py","C:\SNS_24AutoProject_250723\tests\test_log_trace.py","05C3F1403BFF429839DFDECAD293137CC34A6DCB0935C11860A01DFBCEE8F44D"
"test_pprint_util_custom.py","C:\SNS_24AutoProject_250723\tests\test_pprint_util_custom.py","909941FE7B154AECB2AB20072B27A7360DD5737E86A69838290C52946F1B6C15"
"test_six_util_custom.py","C:\SNS_24AutoProject_250723\tests\test_six_util_custom.py","D40AA4385BBB6EE3C4E3CD535174040082D812A9C7FC154E7F58FCBDDFCFA1C3"
"test_ssl_handler.py","C:\SNS_24AutoProject_250723\tests\test_ssl_handler.py","CFE8F5C839E0122DDE4153465D2D4F5BEDA90423763F6BC684ECB91359F0F180"
"test_task_queue_mgr.py","C:\SNS_24AutoProject_250723\tests\test_task_queue_mgr.py","28D773231F15A4B462AA980209666638FC5F65EC8FED68C31C5F231F27E219D3"
"test_unbounded_queue.py","C:\SNS_24AutoProject_250723\tests\test_unbounded_queue.py","6E5CBA56F872ABC3E68B469D62E99CDF5F3DEE549F8D92EAFA745A3F60889AA3"
"nodeids","C:\SNS_24AutoProject_250723\tests\.pytest_cache\v\cache\nodeids","726F925E45C0E78CDA3C4E448D85459FCCAECB4CD25037107260BE06E81960D2"
"test_account_runner.py","C:\SNS_24AutoProject_250723\tests\generated\test_account_runner.py","8F9B957FE69C4A99B619F60CCDDE969593263FA15CBFDF14D5ACF570E6145989"
"test_api.py","C:\SNS_24AutoProject_250723\tests\generated\test_api.py","F8057A8317A0BE666F8E9FED1D080062163982B7D7C0FA3742D280BFC9DA66C3"
"test_auto_generate_tests.py","C:\SNS_24AutoProject_250723\tests\generated\test_auto_generate_tests.py","6CA181A46CDA086D4258FF13D1ED8D6CA659B3A0E947537A005419EFD683A836"
"test_cfg_local.py","C:\SNS_24AutoProject_250723\tests\generated\test_cfg_local.py","0D7907F87F7749002395ED0762845A73BFC82F1D9DB0A34E3A0D3E3A02AB7D9F"
"test_empty.py","C:\SNS_24AutoProject_250723\tests\generated\test_empty.py","67FD2C545D4D7E06EA81BF0C3E26D834E589947BEED7FBA2C72C22E93C0E4727"
"test_log_trace.py","C:\SNS_24AutoProject_250723\tests\generated\test_log_trace.py","71AE45A8CBC26A4FC803D222912DA9A381CE7B0ADE9AE1341E81CECFA57FF57F"
"test_pprint_util_custom.py","C:\SNS_24AutoProject_250723\tests\generated\test_pprint_util_custom.py","7D52433CC7387DCCDFE7614F6365E3CA677913308ABEC527C1F4CC02D551CE22"
"test_sample.py","C:\SNS_24AutoProject_250723\tests\generated\test_sample.py","BF3AD4D8552B9F2F660C454D02CC740D7902E77140BD2F0362BB135490608F6D"
"test_six_util_custom.py","C:\SNS_24AutoProject_250723\tests\generated\test_six_util_custom.py","103D3FB7244E77CA6F2B48DF3B06356492EF55E8C0486B2CA8446596EB1231F1"
"test_ssl_handler.py","C:\SNS_24AutoProject_250723\tests\generated\test_ssl_handler.py","8990155027E884D07627AE5F7B16A370B287339E1F19A73E83F8AF2B8FE1A78A"
"test_task_queue_mgr.py","C:\SNS_24AutoProject_250723\tests\generated\test_task_queue_mgr.py","D74EC0FFFCBF5F2BFE6D29C355EACA1073AD33D1564BAD37D3FBDC0BE1F31FCB"
"test_account_runner.cpython-310-pytest-8.4.1.pyc","C:\SNS_24AutoProject_250723\tests\generated\__pycache__\test_account_runner.cpython-310-pytest-8.4.1.pyc","4382296F9A7D6F51F53563449599D1FC24DA127B302C5A75A464EEF2D469D98A"
"test_api.cpython-310-pytest-8.4.1.pyc","C:\SNS_24AutoProject_250723\tests\generated\__pycache__\test_api.cpython-310-pytest-8.4.1.pyc","B052770CD4433E399A58B850ED666C65E0206CAF18C65DF1C63048A2FFE4F972"
"test_auto_generate_tests.cpython-310-pytest-8.4.1.pyc","C:\SNS_24AutoProject_250723\tests\generated\__pycache__\test_auto_generate_tests.cpython-310-pytest-8.4.1.pyc","41590C7EB5672FC86E1590C12621ABFF2947F3526391D80488A4D7D3BBA1B75E"
"test_cfg_local.cpython-310-pytest-8.4.1.pyc","C:\SNS_24AutoProject_250723\tests\generated\__pycache__\test_cfg_local.cpython-310-pytest-8.4.1.pyc","D5609E43072DEDB93C65EEC83C821549E974B45C0E83CB89484895FB66783251"
"test_log_trace.cpython-310-pytest-8.4.1.pyc","C:\SNS_24AutoProject_250723\tests\generated\__pycache__\test_log_trace.cpython-310-pytest-8.4.1.pyc","9CEB7F545919E00E5A53C403376AEE7F74DB79270DF3B8E203293C1C376034E5"
"test_pprint_util_custom.cpython-310-pytest-8.4.1.pyc","C:\SNS_24AutoProject_250723\tests\generated\__pycache__\test_pprint_util_custom.cpython-310-pytest-8.4.1.pyc","870FEE466A12781F1C9EC7F63EF6916A4BE849CDC865DB93FF0D4FDC38C53A9F"
"test_six_util_custom.cpython-310-pytest-8.4.1.pyc","C:\SNS_24AutoProject_250723\tests\generated\__pycache__\test_six_util_custom.cpython-310-pytest-8.4.1.pyc","464E2E050C444B526CC5AC461BA283856BFE4103C90DA8313026D79BB3A6BB5B"
"test_ssl_handler.cpython-310-pytest-8.4.1.pyc","C:\SNS_24AutoProject_250723\tests\generated\__pycache__\test_ssl_handler.cpython-310-pytest-8.4.1.pyc","763C0CF51610BED80B79A8A7C2EA1D135EF42379DFACE83C3BFCA63F5A701786"
"test_task_queue_mgr.cpython-310-pytest-8.4.1.pyc","C:\SNS_24AutoProject_250723\tests\generated\__pycache__\test_task_queue_mgr.cpython-310-pytest-8.4.1.pyc","32DE5FC6FCCD92108217D8A16586835809FFCF83832C5ED81BEFD17BCAC97461"
"test_account_runner.cpython-310-pytest-8.4.1.pyc","C:\SNS_24AutoProject_250723\tests\__pycache__\test_account_runner.cpython-310-pytest-8.4.1.pyc","E78EF1E32758778CF180318C4AF6F306CA17975AF0F67941F46BABDDB196B9C4"
"test_account_runner_log_coverage.cpython-310-pytest-8.4.1.pyc","C:\SNS_24AutoProject_250723\tests\__pycache__\test_account_runner_log_coverage.cpython-310-pytest-8.4.1.pyc","DBADC331E966A7C13CFC4759524869CAAEB68CD1DE5CCA2305BCC85334926C9F"
"test_api.cpython-310-pytest-8.4.1.pyc","C:\SNS_24AutoProject_250723\tests\__pycache__\test_api.cpython-310-pytest-8.4.1.pyc","B782507227F3213189D27CFFA5005C4BCDE99D8E9D8236591E2E9FDA86CEE15E"
"test_auto_generate_tests.cpython-310-pytest-8.4.1.pyc","C:\SNS_24AutoProject_250723\tests\__pycache__\test_auto_generate_tests.cpython-310-pytest-8.4.1.pyc","3181047AE9056DA663DF015C0456B5D4F02876488454F8AFB0E0A5F18ABBE8A6"
"test_cfg_local.cpython-310-pytest-8.4.1.pyc","C:\SNS_24AutoProject_250723\tests\__pycache__\test_cfg_local.cpython-310-pytest-8.4.1.pyc","12B32167C35FF6F1ABBF06D47E30B40E2064F92D6ADF22997B27043C759CCAFC"
"test_entry_queue.cpython-310-pytest-8.4.1.pyc","C:\SNS_24AutoProject_250723\tests\__pycache__\test_entry_queue.cpython-310-pytest-8.4.1.pyc","BF359ECCCEA8EA84EFD97B943854EAD5FECDA8F644783D23886030FF8C8174AF"
"test_entry_queue_advanced.cpython-310-pytest-8.4.1.pyc","C:\SNS_24AutoProject_250723\tests\__pycache__\test_entry_queue_advanced.cpython-310-pytest-8.4.1.pyc","3E8B9FE3E56D3A5340D3302EFFE2F01A3C59D308C60F742CFE43230CF53280C3"
"test_log_trace.cpython-310-pytest-8.4.1.pyc","C:\SNS_24AutoProject_250723\tests\__pycache__\test_log_trace.cpython-310-pytest-8.4.1.pyc","18AA193D7A2FC1E4A963C32C31C273746392932099219116F3347CF19773D0DD"
"test_pprint_util_custom.cpython-310-pytest-8.4.1.pyc","C:\SNS_24AutoProject_250723\tests\__pycache__\test_pprint_util_custom.cpython-310-pytest-8.4.1.pyc","0EA15A917453AC41E165D540BFBB2849FAD51DA6D3E6E88D4721AC1DEFE89291"
"test_six_util_custom.cpython-310-pytest-8.4.1.pyc","C:\SNS_24AutoProject_250723\tests\__pycache__\test_six_util_custom.cpython-310-pytest-8.4.1.pyc","6E2A0BA6F7BDFEBB5F2509E5544ABE338E5B68880E4525BB87884C719134EC77"
"test_ssl_handler.cpython-310-pytest-8.4.1.pyc","C:\SNS_24AutoProject_250723\tests\__pycache__\test_ssl_handler.cpython-310-pytest-8.4.1.pyc","28EE2DF36534E91E2C8B87D3BD9CB0020999CDB58C1F07163A973F8BD122D9E4"
"test_task_queue_mgr.cpython-310-pytest-8.4.1.pyc","C:\SNS_24AutoProject_250723\tests\__pycache__\test_task_queue_mgr.cpython-310-pytest-8.4.1.pyc","AB228D38E79C569E6FFC072BC3FBFF9F40B6F5024676A01B87571BF35E0DB81F"
"test_unbounded_queue.cpython-310-pytest-8.4.1.pyc","C:\SNS_24AutoProject_250723\tests\__pycache__\test_unbounded_queue.cpython-310-pytest-8.4.1.pyc","398F6A6F6192B612D170EBBDE98269039C118908A1238C4785BD026F29645362"
".pylintrc","C:\SNS_24AutoProject_250723\tools\.pylintrc","9E90ADE1D2A79202724170B63997EBCCBDD4EC18E71A54DFCB3BE2ED492AB861"
"analyze_missing_usage.py","C:\SNS_24AutoProject_250723\tools\analyze_missing_usage.py","CC9F8B5ACB6C7D974ED3BBC68193CA94C729634B7B4853FAF874AD92C9D66B04"
"auto_generate_tests.py","C:\SNS_24AutoProject_250723\tools\auto_generate_tests.py","67EE197DD6060CEDBCA16113AF851661AFAB96F5752675840E07FEE77CB2BE6F"
"diff_hashlist.py","C:\SNS_24AutoProject_250723\tools\diff_hashlist.py","E85B507DF71017EB41907C4FEB1CAE5AFCD273202A4FE8E63249955000D81464"
"filter_needed_files.py","C:\SNS_24AutoProject_250723\tools\filter_needed_files.py","2E14060064A96AB096D490B996CFBC05F16709BE7A42A3087EB55DFEC71A179A"
"fix_import_errors.py","C:\SNS_24AutoProject_250723\tools\fix_import_errors.py","3EDAFDBB19D4E90BCED8B1F19853B46418271137061A2880C25D311FDB7E4CCA"
"generate_master_hash.py","C:\SNS_24AutoProject_250723\tools\generate_master_hash.py","0867671458CE5EDB02A0C508B3B9BCFD1783ABD1062DDE1675F4D73D5E14B727"
"hash_verify.py","C:\SNS_24AutoProject_250723\tools\hash_verify.py","8FAC791D1E5F8A83589E67F7785EF4C11E80798E58728D93BBA46D8811B3321D"
"layout_sim.py","C:\SNS_24AutoProject_250723\tools\layout_sim.py","8122DAA13BCB9F17276B50CF9A442B0B0E586E36687BFA7EFBA122403D03627B"
"module_trace_auto_recovery.py","C:\SNS_24AutoProject_250723\tools\module_trace_auto_recovery.py","B34DD0E9650E1F61A383B920ECC4CF541A7C3FB8390C3E34377A9E5F08FC2ED1"
"needed_files_by_name.py","C:\SNS_24AutoProject_250723\tools\needed_files_by_name.py","F8AF11A774511FB2BEC9368299C91CA0ABD6F1EFC20DDC339EE1D4B4BED5E0C8"
"needed_files_from_imports.py","C:\SNS_24AutoProject_250723\tools\needed_files_from_imports.py","8563844ABA65C269EC2B86A68BAF205DCE4B7D02D8075D65EC27C2B022EDB36D"
"parse_functions.py","C:\SNS_24AutoProject_250723\tools\parse_functions.py","11A5BF53C973E7B04A530AF0C8245F0BB1208BBBAD4519936556CE99D023FEE6"
"scan_tree.py","C:\SNS_24AutoProject_250723\tools\scan_tree.py","0AADC0799284553E8E9E6658E72FD0B9BF70AEF9B42617197EDBC46098E785F1"
"test_safety_checker.py","C:\SNS_24AutoProject_250723\tools\test_safety_checker.py","FF40C01D5AA7C5482AF0F091724A1CB8CBF5361EED3C6F826822E693947EBE11"
"tree_checker.py","C:\SNS_24AutoProject_250723\tools\tree_checker.py","07C26DDC42D1E64A97BEC94CBC0EDFC1CC06830796D9039FBCD667FD9D8BC3AC"
"sha256_integrity_mastertree.py","C:\SNS_24AutoProject_250723\tools\integrity\sha256_integrity_mastertree.py","F23AA5C0E13DE396DFDEB87DC4C33DE4843F9E762A868C682B32464314472376"
"verify_integrity_and_identify_unnecessary.py","C:\SNS_24AutoProject_250723\tools\integrity\verify_integrity_and_identify_unnecessary.py","4FCBBFE9D1B4980764F93D03CA6130CA68A1E2B0D528E752B5B93564C68F3B5E"
"auto_generate_tests.py","C:\SNS_24AutoProject_250723\tools\test_generator\auto_generate_tests.py","426BC3A46B64E4EC3B785E13B0DE52CB286F08602465A7C877EFC6A8BCE6CDA8"
"env_loader.py","C:\SNS_24AutoProject_250723\utils\env_loader.py","28F589A60C6D02147165EED166FA76F4C91503DCD7D44B19FF4C083FA0FD3BA7"
"env_loader.cpython-310.pyc","C:\SNS_24AutoProject_250723\utils\__pycache__\env_loader.cpython-310.pyc","9B47D50B9BFC0080333F1D895CF607ADD284C66E86B783C7C08645F84A9CD8CB"
"check_and_insert_log.py","C:\SNS_24AutoProject_250723\validator\check_and_insert_log.py","47BDB18A1B188131D3FADC55B69141FA6841155FD22779B075155229C6731271"
"check_and_insert_log_2.py","C:\SNS_24AutoProject_250723\validator\check_and_insert_log_2.py","7287ECC11CE66E70F1B2AA66AAB20BBCE75E36F784AC951AB179FDA1E68A2608"
"check_command_log.py","C:\SNS_24AutoProject_250723\validator\check_command_log.py","667BA27FA040D960B1589E411B61C495822A9064E3A23545CF05114B29F1AAA5"
"check_command_log_6.py","C:\SNS_24AutoProject_250723\validator\check_command_log_6.py","9087A0A858F5A3031BD0FD0EDD2750917883D112E8263B43DB8BD6D2F0AE1B0D"
"check_conflicting_modules.py","C:\SNS_24AutoProject_250723\validator\check_conflicting_modules.py","3EC2EBADF422D75894A07F28C27FD26A7DDE26E0686811BC2EC3F4237A701655"
"check_disk_log.py","C:\SNS_24AutoProject_250723\validator\check_disk_log.py","7E8E67A029F28283C9E3EE029FC41131ED6E028546577184167B6BC46C8BA63F"
"check_disk_log_6.py","C:\SNS_24AutoProject_250723\validator\check_disk_log_6.py","2FFEA636B3980506D3557D3B054D7400DCE6DDAF72698276A0B6614C258B9713"
"check_env_log.py","C:\SNS_24AutoProject_250723\validator\check_env_log.py","3798541D4525146F4E50FC8AFE0FF39F01134B371EAD6F50D692D0623BB6D084"
"check_env_log_6.py","C:\SNS_24AutoProject_250723\validator\check_env_log_6.py","3ABA8D96F4360D164A5870036A45179B13696A18D84488EA0722FD58056288F3"
"check_network_log.py","C:\SNS_24AutoProject_250723\validator\check_network_log.py","0B1B0C5D2A4E2300A3F87E18C1C2B93CA6555080E974B8DE0C4C98FFB1D2D4A6"
"check_network_log_6.py","C:\SNS_24AutoProject_250723\validator\check_network_log_6.py","24234C9D6E5E451D9AE79AB35AF050BFD4E9F66FFF83352EE4E46005A6E483DE"
"check_run_ready.py","C:\SNS_24AutoProject_250723\validator\check_run_ready.py","B0B14CC4B236DF3D0D3046537528621892813A8B26F896D6EAF229707CF48477"
"check_session_log.py","C:\SNS_24AutoProject_250723\validator\check_session_log.py","ACC0A806A7CFF9C535E7CA24AFACB6D061CEE2F9339EE06C75A989E3641D6056"
"check_session_log_6.py","C:\SNS_24AutoProject_250723\validator\check_session_log_6.py","C8EE9E5859E452B27EA9B822EF1DED23D5495ED0FE78A98FD11FBE10C28B61A1"
"check_type_completeness.py","C:\SNS_24AutoProject_250723\validator\check_type_completeness.py","A2E1C3A5879E512ED0AE36A947B6FAE600588452F895446C3BF4E28E4AB534FA"
"check_wraps.py","C:\SNS_24AutoProject_250723\validator\check_wraps.py","60BFDA3C49E0DFBA4AF37530057BF90B48574021ABCF66B37BFB9D30A7F8DB47"
"check_wt07_status.py","C:\SNS_24AutoProject_250723\validator\check_wt07_status.py","F8BE615D426B557C7A67BCD645B11BD3F0FEFC22C934A6BB9C2CC30682538B92"
"check_wt07_status_6.py","C:\SNS_24AutoProject_250723\validator\check_wt07_status_6.py","C4D7DFB1A5A3D4A66314F0DA86F6836BC3D17CD45D6BB26FD66B2360950106A3"
