"Name","Count"
"E3B0C44298FC1C149AFBF4C8996FB92427AE41E4649B934CA495991B7852B855","147"
"44136FA355B3678A1146AD16F7E8649E94FB4FC21FE77E8310C060F61CAAFF8A","2"
"E7C6BB30148CF667606DCD63E7CA77ACAA3CFB0C8303BF09E6419E1E1669DC6D","4"
"37DC88EF9A0ABEDDBE81053A6DD8FDFB13AFB613045EA1EB4A5C815A74A3BDE4","4"
"420E808D79A6C25D3CDA0AF33BC4782314A14949866682C68CE8149E89B66B70","4"
"4F53CDA18C2BAA0C0354BB5F9A3ECBE5ED12AB4D8E11BA873C2F11161202B945","3"
"3EA0D302555D21A07D8088C47FA2471F2B0C9BF0FB1F245EE01CD015FA5FDCE3","2"
"BC8100FA8743C11BD243EB3259F4B012758651612FD9BF93BF8B734D17F02561","2"
"7D9BF8AE66370E4349B4F423AC5279501384E4374DA1FDE675E099582ED33A8A","2"
"0E8136B1B0C6077B3966B13D4026E02A2BDFC3E1DCA5346FB4C7976C99FB1230","2"
"14E0DC50D51E04F985EEAA90E92C4C8BD2254EF1F00200D6579B701D32048E33","2"
"B81AAC79E6AA927E1660E7D1B772DF0A1FFB4724C6DDCC76B457109A204C2404","7"
"3A0E203AD53C3F19D10B609CF47B6476DF9F417E6B015DDC504C8F0875502AC5","6"
"C6D4B3E7531831EC559CC6356498E0213C1ADC89CA3F58BE693E7F0925316DD9","3"
"6BCD758CCE71C048F2A5F69CF36A6AF6F3038211807F2D5509BAD71ABAA5DBFE","3"
"49570C90379B9CF354EAC90FF79C4102973A741E0E29C8BDCF3836F575F86A6D","2"
"812F55AEB6E8CDE9DDF4786E15EB4256B21E82CF5F5D28DA1BAD17D94570CAC0","5"
"FEBA326EBE88EAC20017A718748C46C68469A1E7F5E7716DCB8F1D43A6E6F686","3"
"1D441E02E281B04908E522D98EACA75C808E51539A8E42B3287E6BF8EBF939D7","2"
"5C363E14151D751C901CDF06C502D9E1AC23B8E956973954763BFB39D5C53730","2"
"2DFB7E1822D085A4899BD56A526B041681C84B55617DAEE91499FD1990A989FB","2"
"40E8D2A1C3B572284DA39F6F4245B1BC814F452C44F5AA73D0A011571D5CCC43","2"
"91AC80FE976931C490D058C8CE8B5D71FFA6D4961F6CA13EA9C153F0B0BCCEA0","5"
"E9ED07D7BEE0C76A9D442D091EF1F01668FEE7C4F26014C0A868B19FE6C18A95","3"
"C85495070DCA42687DF6A1C3EE780A27CBCB82F1844750EA6F642833A44D29B4","7"
"6D9F378883C079F86C0387A5547A92C449869D806E07DE10084AB04F0249018D","5"
"6A5FCEE243E5AB92698242D88C4699CEB7208A22EE97D342D11E41EBD2555A17","2"
"7F03D1BF5264E7AB023A2EF9B997DDFC8CB6936692407C770762B9C549523F33","4"
"D2EFAC4E5F23D88C95D72C1DB42807170F52F43DD98A205AF5A92A91B9F2D997","14"
"2DBD87F410815EDCFCD7D14BE84DE0040EF0D913A22203E0C7E7F4F17A6A915A","2"
"254B964265B94E16B4A498F0EB543968DEC25F4CF80FBA29B3D38E4A775AE837","3"
"A02B9E66044DC5C35C5F76467627FDCBA4AEE1CC958606B85C777095CAD82CEB","2"
"5B5769B460FBD13EE9A46A28D1F733150783888A749EE96D2CD3D5EBA3300767","2"
"8A5973D2C62E2CBF2520F2B44E4A2EE9D2F455C93F0F45BFDEB4533AF1584664","4"
"32E819C00A43B3C348F539D700D425504F20B8D068C16418D26FA9B693E775C9","5"
"8000E3A323E8FD0212414E9426B020707A771C368CA0E151747F9DDB7B814B27","4"
"C617B155CE657C9FEA02FD9DDC7AC823A95F452C4A6580408D8DB3A58902184F","2"
"4E22C33DB79517472480B54491A49E0DA299F3072D7490CE97F1C4FD6779ACAB","2"
"92B07CB24689226BF934308D1F1BD33C306AA4DA610C52CD5BCE25077960502C","3"
"64FFC2E43A94435A043C040D1D3AF7E92D031ADC78E7737AF1861BAA4EEEF3E6","5"
"68977BB9AD6D186FEFC6C7ABD36010A66E30008DCB2D376087A41C49861E7268","3"
"0CC990C0EA4FAA5DB9B9EDCD7FCBC028A4F87A6D3A0F567DAC76CB222B718B19","2"
"2C8F4BB15DD77090B497E2A841FF3323ECBBAE4F9DBB9EDEAD2F8DD8FB5D8BB4","2"
"5E67952267AA709F212739BB4E302D8B59D6240C5AC0EAAAEE32330E71D7DA12","2"
"264E308E7743B5AFEE2D673C5B57567636DABC925BB0BE513939996E856718A5","2"
"8B85846791AB2C8A5463C83A5BE3C043E2570D7448434D41398969ED47E3E6F2","4"
"2A69287D1723E93F0F876F0F242866F09569D77B91BDE7FA4D9D06B8FCD4883C","2"
"C89B2E253A8926A6CECF7EFF34E4BFCDB7FE24DAFF22D84718C30DEEC0EA4968","11"
"CFFEB0282CCBD7FBA0E493FF8677A1E5A6DD5197885042E437F95A773F844846","10"
"444ED3A710414BC6BF43EB27E591DA49D3BE3DB153449A6A0C9473F7E39FDBCB","8"
"6C1BCC752668E77585A308AE8543BD0BCCD8E813865626E809BF94F3FE3D977E","3"
"201D4387025000A6E13C9F631CB7FCCD6E4369DEC7224052F9D86FEB81353A53","3"
"A190353523D2D8159DCA66299C21C53BC0656154BE965E4A2E0D84CFD09B113B","2"
"8491E557FF801A8306516B8CA5946FF5F2E6821AF31477EB47D7D191CC5A6497","21"
"B8C0895D719898D1121D5BE3E5160167431CACE744D788709B5EE5DB9320456D","2"
"BA788D8A184C1E7AF85CAE16A7088F527AC04F460F9AFCEA07A7F48512ED5EF6","2"
"85E733F32A98D828F907AD46DE02D9740559BD180AF65D0FF7473F80DFAE0F98","2"
"F939087DCDD096F6827F4A7C08E678DD8D47441025FA7011522F8975778AD6F1","2"
"4A5B95EF1CD99B6E0B80C5D2515B75703D40944EF2FDB744EB91E10C87572DCB","4"
"90D2B2F4A8FD202B226187C209B020833300EDEC5FF86A463CCC685E8707532C","3"
"2865EB30DF98918A550A02DDA5C7F030543BEC4B11006B235021B7C8052F55FC","2"
"4D9A667393F05A82DF4DF42843F6F7535EC113689529278D911D07A3C99B4E7F","2"
"7DE3A7C40374374AFE335AA592B03824CC9AC28734B6A69ED2288108F0C0B389","2"
"0ACBD9E412B0DAA55ABF7C7F17C094F6D68974393B8D7E3509FB2A9ACEA35D5F","3"
"0561F636A54F0353ECC842CF37FD8117C2A596BB26424AA0D5EBA3B10BE79F1F","2"
"528836F85316CF6A35DA347AB0AF6F7A625A98B7A8E8E105310477B34C53C647","2"
"A587A1A1607439F7BAC283E1815F2BDBAFB9649A453D18E06C2E44E6996D888F","5"
"7DE7910228D0A8ACA5660A9EF389CA86C14BC9C4F9CC8066EE62C8BDDC86C38C","2"
"D20A49525E3A8506E9D0FE978F54B4340AC859E02BCAEB835E3B2576F0791871","3"
"ECFFBF610AE77857289FB40A4933A79221A3129A450E7DD9E3C309D6AABC541C","2"
"CA3A93D3CA476C80987BCDC7F099AD68306F085A91BFB4DFCDEDD8F31B97BA4C","2"
"D020F0D77742314B28AAE32EA68260BA99330143610CAE84D2557151103BA2C0","2"
"04C06744EE3FE078EF3B8B779E38EB30666BF993E67A092FCAF2FC28F63A64CE","2"
"AF5FB5EEE2AFDBB799DC9B15930FC32D941BA3AC2F8EEB95BBB0B6A43B263A02","2"
"4EB47A3C29D81BE9920A504CA21AA53FCAA76215CC52CC9D23E2FEAAE5C5C723","2"
"9C1DFA1C15994DD8774E53F40CB14DCF529143468721F1DBA7B2C2E14AE9F5F0","5"
"A02287EEE69F37C475A3E8A35C6A13E54D49671C2FA0BCC9BBFD82AB28B68543","4"
"5EE475F71A0FC1A32FAEB849F8C39C6E7AA66D6D41EC742B97B3A7436B3B0701","6"
"FAC7C69D1BA68A8EFF06CF30F581F8C510D6823077C01796EDCD02E7A42A93AE","2"
"C2494663758F1A9FB3D4E5306FF28E1F3453C019DDB7545F0E0F54B6DB77E86E","2"
"85FFF93D57A041C1524BAD028D2F340BB87E4C63AB7D0E27726F3737C5666649","4"
"0F9AADC9627F48CF1B4D0789248621AAAA23C6554A6EB142D4460C0D4F46CD74","2"
"E90C341036CB7203200E293CB3B513267E104A39A594F35E195254E6BC0A17CF","2"
"A9491746C4DCFEEEC1F7427150B4AEEF2CCA6C6B467CA71F10521AB063C2D9E7","3"
"FB1BA527629586F2A9EAB9592CCC9DA70EE85D58AB93EAE2107FB5F35C4F139E","2"
"A667613E16894702B038DBF18993467854880A3956CF263D265147BFE1FDBA96","4"
"2E7BF5BE950D017068F2FD1BF5DF40429CBE004C8EE506B6220D0FBC3923AE65","2"
"17564E759643B151F00C98A792C47E86372A3F3A8E963BDDADE648585BA52716","2"
"FD1B1F79259B0ABF24338611262ED7BFA8401221D6D7820586C5EC7E16CF8E83","2"
"32F02447246CAC0DABD39D88B65C85E5B8761617918C8D233F0834B88887D989","2"
"3A126D0AA493114FAEE67D28A4154EE41BBEC10CDC60FCBD4BFE9A02125780EC","2"
"FD81C04AAE19E5871420B21D844CE0DBB0862F36AB5073C31ECD438F44203463","3"
"1B69D341510C98A956B7407BE3F7D400BECA437600BBFFC9E87722898B362325","2"
"3626DD64F66D6A99D847F9B22199CC753692286B0E04682E8E3D3F4F636F033B","2"
"42C3857585B16DB2F8FFD47BA19FAA60F473340DE8D4FE9320EA7BE861605906","4"
"95DD846F153BE6856098F7BBD37CFE23A6AA2E0D0A9AFEB665C086CE44F9476D","2"
"796E90CF37B6B74FACA5E2669AFB7524CCDB91269D20A744F385C773B254B467","2"
"DE4FF79634EF4B91927E8ED787AC3BD54811DDA03060F06C9C227E9A51180AA4","2"
"18B412CE021FB16C4EBE628EAE1A5FA1F5AA20D41FEA1DFA358CB799CABA81C8","3"
"7E7D08661216F7C1409F32E283EFC606D5B92C0E788DA8DD79E533838B421AFA","2"
"A323C5433991A963EB497B7DA4D1D09848BF3EF5F5D64D9C9649F388E4BAB9DF","2"
"96FC7F31072E9CC73ABB6B2622B97C5F8DBB6CBB17BE3920A4249D8D80933413","2"
"025D4339487853FA1F3144127959734B20F7C7B4948CFF5D72149A0541A67968","2"
"41BB9B06CFF1425BCAC1E027BAB8721E320AE238BBEC68781BEBAC5EE97A5D53","2"
"3A95ADB06156044FD2FA662841C0268C2B5AF47C1B19000D9D299563D387093A","6"
"1BD7DD8545E6CF1EB9D419F267A57B00E60857D115E5A309326E3878968B2D9C","2"
"2B9418ED48E3D9551C84A4786E185BD2181D009866C040FBD729170D038629EF","3"
"A7527FAEA144D77A4BF1CA4146B1057BEB5E088F1FD1F28AE2E4D4CBFE1D885E","2"
"184901ECBB158667A0B7B62EB9685E083BC3182EDBECDC3D6D3743192F6A9097","2"
"FB0AE91BD8CFB882853F5360055BE7C6C3117FD2FF879CF727A4378E3D40C0D3","4"
"AB77A1488A2DD4667A4F23072236E0D2845FE208405EEC1B4834985629BA7AF8","2"
"D5ADE82CC4A232949B87D43157C84B2C355B66A6AC87CF6250ED6EAD80B5018F","3"
"17BDDF7D57C1A14A07ADED3E0F0B2242B60970BA4F396F892469379FCF253395","2"
"1CD4C02ABB07FD1D96DD046529C98D95DE4A71774FD328170A3128BDCD62FBA4","2"
"53268A8A6B11F0B8E02FC67683AE48D074EFAF7B4C66E036C1478107AFD9A7D7","5"
"3389135AA69241A57500C8722D2BE6C2804917B5FD89CAC82DBBD0270A7DE348","3"
"131F739E67FAACD7C6CDEEA036964908CAF54D3E2B925D929EB85E72B749B9F2","2"
"7C262B62985863AAD47F13B0EF5DB2E5CC917B5D38002DE9A2EA83DDB0883458","3"
"9542A73ADA51A8AFAA34BE897CE3FEF2D46AA661D4DF8095C60B91E72D107DBC","2"
"706A2EF0EC27369A63B2B40CFE24BBE8112EC7148B57B2621A0138FB754A74F0","2"
"54406812D76025C73C4732E070328035B1D30C15936A1D4A5AB7CF3B5A68C6F3","2"
"0BBA2B074EC32A018D82C92A9CA5F534B1D48067224F2E14B4F7C7F73E5517A9","2"
"7B8DC752677B210A589139511BDA1BE50AF3908352D082F9DFEDA68F3AB55F3D","2"
"AABCAB23DC0E23C30253E43A57ECDDEFC54E7A54DB6DC3EABDB72EA88A99D2ED","2"
"F70560D1030A1A3112B9B097C4D0F474695C6B4211938094F1246C77E7BBECD0","2"
"3DF6FBE3ED5589C4C22CD7432E5C0CA6F21B912F8C11DCA01032AED119108A4B","3"
"A792A35D07974D1B4AE5BDF9F7D2CBB8421DF7D3C257E30F564E75D65D60E41F","2"
"56919CD7DB822A1B44AC0A244BCE57717C19F681597BB0D91A81E72E86C31E83","2"
"C0D66545B3E645EC733E090BDA722C4885131025872A8334AF1C7554281F67AC","2"
"26831D3E10E7A2E3FB08A4067BA17AB1628D0348787043754701E5A5D55961D5","2"
"CB224138E9E4E43091453E1AE8132C96EA2627DAD83DF2F0B9BD5501788D045C","2"
"FB16A22AA108FD530335FA9061C51FF9F3037B013237ACA9A5C38AF46E3967F5","2"
"76C5E8C229343929341FAFCE3404D4CBE1B376CED7ABEB352CE6ABE4CDBF7E81","6"
"1B8A4FD580736DD9B7162F8FBB6B72CCDC525A7C6EBD554F2E8EDDA10FF32172","6"
"572220665EABDBBE256E8690827C81918C3361BC0B11B2480EFA70C0D18E7FC4","6"
"D7FBCB82B26122F53FBEE61E43FEC90ABF49F00730A1D990077AD7CB7C103757","6"
"1C5C6CD1C6B5A34EA45580635C00B4F5BD64AD0E737D6F18AF374A49CBC292C8","6"
"943119DDB346883898868544213A0B47E2FE973188F7653CC5FBA45ACDF3A3B7","6"
"A2D3AD4DCD9F50614DBA82E9702F71952E5547EF954190C2B4651C843ED3933F","3"
"333ED8DCB400DD6464928262ADAF896F3276F99BE9BD725E7BB15EFA391AE2CB","3"
"BE8CFACB821568299EB420D62967EF9997B63A84DFFCB77EC09FB978B025599D","6"
"5C649C1B1803315CA2FD6E5662F6208CDAE431D12B38177891FADE18737747E7","2"
"4E09F9E8793950001F4A9F179BF99D8B14886CC6F6398E2852E30AEC402280BD","12"
"E206F26130D8C69351BB7227FFCEBA2C3174D756468F8032AA44161102147203","6"
"780C79DBC9CA743FCC812C289748921A70C4D1E3B9AAF58F2CB3C980F2EDCE3A","6"
"F217E42F58C24D68E40F674E1E8D49802CCC3B804B6648CEDBA30F58A27FAD7C","2"
"987C45B225002812A0DB3C92725D6DB49BA0845EA2F0C2005C6F6E174B133768","12"
"C7C7419359E2CE9AF170DF1DB0763760D26B70704DC2A9DB62C39508D83F20F9","2"
"8083B3AE5EE499656749C3E1D58657FB870E45BA1809E6FA935543ECBC656A68","6"
"A57F4EDC1B3D7303FF3E59A678B5917E989B78EAA5B5426E681E7036D4240739","6"
"196BA8EFD74909DFC1823F62EA6EFB90E623FADBBC33A2AFE7C52F708C72A655","6"
"D3C8E94D78016AF3BCC6087C7B936C63389A99EEE520629BE08A1B7BDA76F3E2","6"
"0CA0BD6187D03EE57B78E4FB76D67EE4405B36F871F823935E63F91064DAA660","6"
"0DA69DA5F622811AB8D38C7E8912CC6CAEB4F14AE630D5EEF8CA97B685047763","6"
"CBB1A58CB392F21C5E485F80C030C1F09F7E7B9B2ADFD767993A89C64CE4EC76","6"
"7C362BB454BD56DD6513D314E4FB1C27583277A763756C158E060A6711816269","2"
"0B77BDB04E0461147A7C783C200BC11A6591886E59E2509F5D7F6CB7179D01AB","62"
"7EB70257593DA06F682A3DDDA54A9D260D4FC514F645237F5CA74B08F8DA61A6","2"
"4AA6D842177668FB681E75A3DAC4255AC441498935BE577C020565E003BDA0DB","10"
"D4FFE7FD41FEF915DB68F1E5C2BC5444801DAE4B86170DC9FCA1FBC9E50AA5DB","10"
"EFD4508E127828F464236142D1A7ACC70C3C816C0C5EECBD7F8FC65649D446AB","2"
"3D368BEBD038B288B19454957727275F8E468DC06B9784B9CBC4101F5DF11801","2"
"EB3D7B5485466ACBD81F2B496F595AB637D2792E268206B27D99E793BDB67549","4"
"DA34528D1238A3EBE55DE4CAD8108621486473A7BD646852B1A711339A2C793C","2"
"2F06CF92C73403524C6E2E979EE3DD301527F375FB04FB85356A8F184288EBDF","2"
"42FA7BE84F49737220C98B9B9E9A88F5F4BB7AC78639EE058E97952AA2ADF48C","2"
"6B4195E640A85AC32EB6F9628822A622057DF1E459DF7C17A12F97AEABC9415B","2"
"EBC4C06B7D95E74E315419EE7E88E1D0F71E9E9477538C00A93A9FF8C66A6CFC","2"
"81A618F21CB87DB9076134E70388B6E9CB7C2106739011B6A51772D22CAE06B7","2"
"BCC3C6BEC4B88FD845E98F64DD3CA89B569A1CB6F4AC5999004CB378075E97DC","2"
"47872CC77F8E18CF642F868F23340A468E537E64521D9A3A416C8B84384D064B","2"
"C5DC9884A8F458371550E09BD396E5418BF375820A31B9899F6499BF391C7B2E","2"
"7A319FFABA23A017D7B1E18BA726BA6C54C53D6446DB55F92AF53C279894F8AD","2"
"0DEA37BA8F7C694C887DD28936AA1F7921055B00F3AD5D907862D72EC82AD008","2"
"057BFDB6083B57A8DFE1392BC0C9D91BCE3702DFF57B67F91F4FDE08C860E8AC","2"
"4C10D5F66F6F8DF9E9F6FB204DE266A6836C7A82447C7C2F65A04BBCB31FCF3F","4"
"A8CB846700301898D509768153AA03A70E0AA47C27E99ADBAF15CFFA1F5B6AF3","3"
"DD55705D4016544557EEC0F0C980E75B965D042F7F67D0090057CB0A57945B49","2"
"3C47B0DC8B70CE35B887299B6AC9EDCB6376397BCD7201C1F898EB06EC473D86","2"
"4732F2E90402765F7BF3868585BD845FD10A1822638343F73E294675E5D7731F","2"
"60963200C9F089010F8D50B8F85AAEFE9E0227AC8A2AE0C69A9A41350350A45B","2"
"5B7D067081AFB4E598C008D98F8663BA8B94BAD0BA7DF80DBB28C9CBB7D9FA5A","2"
"6A652D91D8587101BC66BF82A0C33F91545A731922BC2D568313756FADCA29D5","2"
"AB9F52DCE5EC739548F23EAF483D2C18133293ACD9E2F58544413CF3208960AB","2"
"AEDF742BD278D20512C29A433C2AE18E08B9000EA958CEB974419149FEAB2213","2"
"30FA8D0CB65B5EA19A35D5F1005862A853CA1105E3BB68CD42109ECBAFB97893","2"
"E7141015EF0853A073300E99F5FCA6ADEEF19B86D0300A227C1B6FDA4C4F7CA4","2"
"4222E907E4EAEE7F32C328FBEBD13AEC6E3BFD3205F2E5BB48808749BDC165CE","2"
"838379AC465FDB915BA6EDC0280267F5CE4C4E58FAEF5CD9EB35AA3D37750E79","2"
"1FF8FA9B63CF3BA2725B26F7952E331AD3343BE0177E402783BAEA173F6704B9","2"
"3DDF9BE5C28FE27DAD143A5DC76EEA25222AD1DD68934A047064E56ED2FA40C5","3"
"52D1A471B2CD2FEB786C3222D4692A74D8A7A7D5D9785293E49A76C9821C28F7","2"
"3F4C1EDBB8E6D71533806309C418ED50508859E0714EC31E253389E9C8599806","2"
"25E1A6683D88B8C3D0EC3C85CDAE495515C6024670427357A8C82BD13E377092","2"
"818C9148075BAC8C8A0D8EBABA02035108D132FC641F600B8A84E65F7B672FAA","2"
"E35B3DED6F596ADAEAD8477B45CDEA7810DA1DEF2928ABD8AB69868F06A17D79","2"
"3AA01685B43B91F6126F65CB892C8026B671CC9BA1EB769777FE409BC48F0F71","2"
"524ADB0ED5BB69EAB7AAAA007D4D7AA23C87675C6C4EF1A47BF5AA31328029DD","2"
"728A073520BB724380F399FFA271725DBA342E62B84B0D6A87DD7E7F93621E3C","2"
"A7D66A35888E22D19E7BC29C64578717F61C76157018774AEABFBC9608B1BC64","2"
"8187E78F4A511DF955738447662B75DCA353C8DF62895714D915021A2DB60703","2"
"AB77953666D62461BF4B40E2B7F4B7028F2A42ACFFE4F6135C500A0597B9CABE","5"
"398CEDEEA2B1CA538027EAB45F22B5A80C9CC8F4582DF30F74640A4579195B22","2"
"FF470388F55FD92F9B35F566660BB1C739AB2185A5C804B1A6AA61E2AB095947","2"
"A009B5CED3C5C25B2608A7BB94002CBFF38839F4B57160EEF5B34191EBBEDA7B","2"
"8EF81E4C883C5CCB2A08026CC74BA3193279DD5149B36839D976C0A896637D87","3"
"67DAF15B478DBD91BCD83BFF907EFFF68471D42D2138226B89F039D658D53435","3"
"CC3F2F0283C2F1A1085637DC90BB45B24456E6C6A255E977FAC254036A476867","5"
"58BC298993593FE0CBA2E1203436BD2FF5E3F51982EA8D753DFD9DB7B37CABEB","2"
"53D133237118C5C5D6502B48191965AAB70DF7D8B62D26359AADBE1ADB14C044","2"
"8C0E265F6ECC02D1D9825A8D258419CAEE7626AC46958C4341E35A0ACCFDFE22","2"
"145250FCB42ACC605F4EE719176DE4EF0DFBA70CE15B16F726718774B52590C2","2"
"75D37711C50F7DEAFB09BAA6C85366834DD1DEEFAA0E7DF64FF7CBB31DB9F829","2"
"E135638E2286BB316F3F191A7982CB831B47F7F65435182DD57531524E3C1DCD","2"
"01A8035AAC1E6B6C8159FD74282F69B4180CA4C8F12A9F3200102687E3503959","2"
"F723F1B4099210049C0360EF726630A86CE8614B8A0773774036F29F327BF82D","2"
"2B9792911F064B5AF93A45D74C739C57468CFFAC6993D7963442005BE38E2768","2"
"B4FC74AC9093219F62A1180B3581B8A627C26C0C1345465D76F2F0F8D7C0936C","2"
"C1768FF468E9FE1280767202AA80E447100E40949CE2FDD7EA6731C77CFE4CDB","2"
"9CD7044D1475B51BA24DA1E61D24D310255814F70B7FA98366ED5EE2EF7503D1","2"
"59B7561A1626FD5A2C6F40C3C56F651CD3E02135DF593B10987B7A732F516DC3","2"
"6A5FBFAC17A646E1AF8A7B2B33A6AD36C1D3989E8351BC36E2AD8ED91BB57017","2"
"E210F37E68EB4391786AF4B0B501DF598D36A3916C1C9DBFD4F8CC76FF87AE0C","2"
"D42C37EC5B9094D69C9F144A9AD94F5F89F22E85FDFEDB64A39670B1C354659E","2"
"EA5A2F154136F6DCFA12C5775D8638860A3327BAB524BEDC7CEDD43A58274BCC","2"
"307E220965300235765B65B2F28F50FEAB0AB0B083271947BD89AAB92068BFDC","2"
"905EF9B6A9CB72D67D31FFE19BD4D9223E1C4169CDE6EC51CFCA16B31E70991D","2"
"6CD8BE8AA123E0D3D9D34FA86FEAC7BF392F39BCCDDE5129830DE0EA9692DD7C","2"
"0A2BB2B221C0DFD57951F702057148C7CDC8AC3A6EC1F37D45C4D482FDBC7ED4","2"
"3E2F845BD6574AC63C07887B786D9416AA8781A43127D840E1F0C77622CE346C","2"
"889500780DB96DA4DDC3EE8F7C3D1E178AA1A48343251248FB268CAB1B382C42","2"
"8212BC20208810A748E498C772088DC11EF56802283C79A56BBFD9E14BEE2BC6","2"
"9CC4329ABE21B37D93A95A3901B0AB99C24486F3D487BC57965BB2AB0B252E24","2"
"143ABAF3563712F063743A7952AA65319DBCB934D894CFC989BD2C015F8DA577","2"
"AE4D6C41DF2B0EC65768D55A42938A20229B9B0FA2B5B41B1E25883AF5E97304","2"
"B21E2C0434603BDE0A259C0D22B81D73257FA906ACB79D18BF3380506A510CA0","2"
"F864C6D9552A929C7032ACE654EE05EF26CA75D21B027B801D77E65907138B74","3"
"3E1370FDEC8B81D9FB31C27A9EB00DF32226DDD5C2EF9BEBD6C546555C034A90","2"
"1C4C52E973337EB2DAE639922CBEC15EBBA954982E1F2F9B7B197E87D7A8760A","2"
"F81848AE4C70C872922ECE9CEC494187E4FCDF3ECC2040857D65E09635ADB02A","2"
"88046BF22D5B4F4B8CC85079AE6AAE5424A3A1999DB952ED152828FF325B2C6D","2"
"34B59B39E7BA577A1D86924218C71229B163D3BF3903AEC784299F725C89D324","3"
"46E88B2C3DF90F2C7ECF34A6A1B6B9A535FA580CF5BD4A413F6ED7B59CC4BCF0","2"
"32F4C92576A36E5EF8B37E86C9E7AC7FBE9E82D6C59E1F9332DCD0315845597A","2"
"B271D94950C57C87E8A66147171839804917298BDC2777925DD251E55E8AAA0C","2"
"3F9358681855EB34EE1B658E85D0BF03177ED61B6860D0B6949AECA5C305A4F3","2"
"191069E3BC52AB65CC6D8381EA54CDBCB545A97F7637E4B943C0C12C7B716840","2"
"8455695E8B17DA26C916C8847AB312C783633FA3634A8DCB065B0C61F14E31D1","2"
"938EECA8E7BD7E7FE829BE05254A2AE54896006487142AC21537AFF6B7F6A260","2"
"582749D46B3F90D170284372206ED33B4638DF82160AED338D5552B126D9C14F","2"
"4CC2E4C7A68433A53CC484443D7A8666B31B5214E23D4B8F97A1120FB45D623E","2"
"7AF3E6D7690B818A939BEA5BCE6EB46CEBAE9AE993F08A41356169D2E332AF31","2"
"B669689ADEB05C91182C3AD7E215F32BE7998B6B510C29912E44B9B8A2798E3A","2"
"5E18FD49705E3AFA3CB02E1C67D84FF60D0FA5CBC3C6881A1898950A09008D38","2"
"3C16D5FFF75C8D3362D18645FD1B62BFF6FD19057F5BAFDB0D4D564C15DF2DD7","2"
"D12B3BC148C5336DA786A9AA5CF325D7F37EBEFEF34BD03D9CA68B217DE23B8B","2"
"AD8D4DAA661C659E273D18EC199E8DA3E28835C237289345FC87EBEC778A4AB5","2"
"5DC6E25C1FAA723BF76DCA21A7A37DF1332938FE3F8F79BE88E03CA6D2B61966","2"
"F0FD80C4E1FFE57106C0A5DBD3D0F6ACFE40D9E2DF02C63B54DA5C81835FE03C","2"
"BA001220EDB0D685321FCFC23AA4365FFB34AC38636E1402DF2268703D378767","2"
"6FD2A4E4C17B2B18612E07039A2516BA437E2DAB561713DD36E8348E83E11D29","2"
"03AF5880F902071AF80AF4807CF5028FAACB79F69BCDBE4C177D7DBE2F6922E7","2"
"4113F5C0C8DB48661A1948D18468D757614988E36A665795F7E7647429C19530","2"
"7616F87CC37E4F4464C5DFD117FD01F2C3E83D020BB0671B2873A1E349F6EBB8","2"
"AEA44603E6731638F1128B3B06FAF3B6A8CDC3F4A3295AEC0ED502C7CDDC396A","2"
"130FAAD4CBC32FDE2B83FE55EFCF7C8E78A1B4F5DFC7BAF3AEE8C89C2A28026E","2"
"A46AD1E893DF0612A749E57615A2F9CC1E9B9E417BA9AFB83B2E9AB3876E4960","2"
"9A74E3CDB8952F276CE5DBDBDC6BACB11CAABD775B8F0770AEB09620643E655C","2"
"659931D0CD863E168A0FF7DDBA306297F3544DA3E9C8F1D897BDC6C5D564F636","2"
"7771ACC2340CC3EB8F19444AC00AAFE46D4F2AE45634DDA2AC1831773C51EF1D","2"
"9C3AD70FF3EF3EFA18B4129DD808394BD07B3BC02F2D33F2930B9EA4C6F6718D","2"
"A03F0E8FCA4222B4B59E81E8E04C65F028E8FB0F410B4916F1E25DC9543487EF","2"
"CADD457CAE7A88BE211A34174D2C808097BD2D58AD73FE4A710679E728F967F5","2"
"DD329A0412B4F1E882B0618515C665670C231C77268F660ED31226821A49937F","14"
"1CB2A53178946C4DEF723BFFFC4C7ECB27AE02B7948683FBCA819563BDD60D52","3"
"872378A272000D741E68F475DC99C892EE3926050A3111036B7F24A4DD494475","3"
"60FB94856BE7202DBCF35481E4F150CED7C986188B81910CA5B2D350CA1A1951","2"
"580005118B0F1856C1D814AB89BA71F9F05DF6E8EA2FCFB7BAEA28C9D70AC863","3"
"E08C7EA9E64C92A2ED215E9A3162954ADA430627F1DD2B94CF42E07698F50B57","3"
"7161134817F96C17392D049349FD2397E87CE2BD86527C911C7AE7D41C1D4AC8","3"
"DF6C0D689C24FF44B95FE51D8DACF32DAB8CC97C7A24F93224751DB319BCB1CB","3"
"FE618A36582DA657BAAFDAC9FC6C447E192842C313EC3D55E88785FE500E049E","3"
"5FF2582CE46A7E1DA21C7BFEDCE9058D04BD5CCDB990870438F764C68C6855F9","3"
"893CA1E435A6EF3458CE6ABA5417B7FD76A48C5082F24BAE5DCFCD54878D6F69","3"
"4351D707D621873D85D016F6D5C0C322AA32C79855745ECA93EFFC8BE4A9C4C9","2"
"1E02ACD1CA675A1B55896B0F42DEAD041B07B1D90B41B876862CF216DCAA4457","3"
"BD073B9B69E93E6F66AD0A920D9583D0DAD063F355B945A3C56D72D8B23E3A31","3"
"E41A88C5BAAEFF00A6899DED5F9F40C606C6B81298E935FF4424FBCA8BB9953B","3"
"04D348ED2D9275E219E8853F62962842F3B09F9217FD782F9B3012149D3242A0","3"
"F0AD4B10B24300DCCEC94E4C9F965DC5203F07AE1A5BA599A5F2103D2AD2C3B5","3"
"0B8715CAE0D857CC657C18A2EE59F8379C1FECF4D960624EB3A2E4A001707DEB","3"
"D8CC6C7004541E0AE0D7A799D7061CC0C8B901AD539E2595051FFED4B3372641","3"
"7779AED9B11D24C079E8E11890A1997A02F32FF0CF3ECE4C22A47AC31D0C7EAC","3"
"1B8D21060F54493F996A6F0496A4083DB958182130F66145A2F04ECFAEF4FF7C","3"
"688C03166A4E15BA9C5594A1980AC243F303AABB1BF63E51E82249E175103DC3","3"
"422230B3B1B91F0E0FE2F5EA0793FE50E158675311F88FCB94F49051F48E902E","3"
"22FDF3BB830416E31AFC7F2B1796DE03F39E125195B2AF04EF814764F1A20188","3"
"A2BA07F69DED591621E69A00338F2D526014E3F57C9890570861A342DF404CE6","3"
"06A46B240BD8CF27EFE3D8ADC39F2CDEB6B40B6DEB4EB431569DF2C852F84BA0","3"
"5B142C1D52BA96D0495CAE960E9668BEB3FCB2A3EA9ACDC07AB2B598F55CB18F","3"
"9019B600281C4DB0B94FA9C644E26731FA1F03DCE32ED3BD2B6854C05CB0A92D","3"
"3268F678518C64C2DC3EBBFF322F8C8112477BA9A91406BE19D3177482C5ADDF","3"
"67E393B2B705D73681C3AAA20DDC45A8AD10486230F50CF729A3FD2038162889","3"
"CB8C03EB42F4A15704BE84D1234D19BB7145D54CC571B8B0F07A018DE4174346","3"
"E3BDD25E9DE8557936F793F86A262EA01FB0926D153E03861EB97B65E75F0A8D","3"
"949DE78C38EA8C75D22647E0474AB91C0E42FE2D54E6198C8D4E4C12481584CC","3"
"285C61BED0065863068E7DA8393E4BCC71B032492F6E30DF6331C50681735C9C","2"
"3A42B0AFB500CB4576DE3BECAD04E4B29365A47907E176F31A0C846C33EE5772","3"
"F4F98EB3E240534C751D6495DD6C4A66A3D42791BD9BE23715E45183F63DDA96","3"
"2B65DEE598715245102648F780CFD725CE7A7DF7BB6AD7C234DE19ED3221331A","3"
"7DB352AA8A1AC8093EBA97AAE0EA0B7967E02D8B9D56116864F12143B38A25DC","3"
"74CD75A62ECE1A1FDFC2AFDB5447AB0BFA1C43A7FF8F1D65BA22FD034E62F673","3"
"F55BAD45AFA4721E1B7D95367C59976BCC49A860DD15D06E1F3A6557FB89E2DB","3"
"896DA06424B1275FA2744B015AC13482BA89BFD62E8721E1B8C717A5762D395D","3"
"6EB64AD04C7FA69D51648FBA9B7060A2BB970CE0BFC24369387F92E74F836ECA","3"
"818D8A7C01A97B409EB8A5070EF056414D29B2FB98C9AC0FA6B38C04BEA28552","3"
"6B73F3F4B7CF8F1F301E86A302274F62EB34A1DADAEB4B3273B70E5960BD4535","3"
"DAAE19110497BC978C60EDE3B50D48AC684D482818E744E607A7F8A98E4FD2B1","3"
"EEE6CF2E07464794F867E9979C2EB28D59272EDE738F3E4D7279BAA3073F39F5","3"
"7F533347CDB1C3F0C6DEC848537867D31F2D998926D3708D227E0763FF5F5401","3"
"FE91AF7D56CE53D4E16026D6817EBA597937B4AAD937E522DE51F00CC5A33B5F","2"
"F284627B0EA7EB7C6DB5A22847356BBD2709AD3166ABE9475C334E83E7E59E47","2"
"1362CBFD56D462ED4657A5FD8C096892183914B75F6881707835C9F169E53A26","2"
"75F12EA2F30D9C0D872DADE345F30F562E6D93847B6A509BA53BEEC6D0B2C346","2"
"5C1AF46C7300E87A73DACF6CF41CE397E3F05DF6BD9C7E227B4AC59F85769160","2"
"5BE25F7E62686C62F37D70DBD97581040A6184312E8EA2E93D756EF4A76B589E","2"
"0E00720101A7B6BAA00259846C7ABFA78BEB94A2812DC6C3B8104EAB771EC8E8","3"
"C9AA8C2BB86EC6D1AA1F227E7188832DC71D2B732BED050138BC90822E8F1BE6","3"
"E6CDF2E1DE380BEDE0A76050C7F72C4A02BEEEB4BFD83B7078C0F05BEA2A9063","2"
