filename,statements,missing,excluded,percent_covered
modules\account_runner.py,66,66,0,0.0
modules\ast_graph_builder.py,23,23,4,0.0
modules\auto_generate\runner.py,6,6,0,0.0
modules\auto_generate_tests.py,138,138,2,0.0
modules\auto_trigger\trigger.py,4,4,0,0.0
modules\cfg_loader.py,12,12,0,0.0
modules\cfg_local.py,16,16,0,0.0
modules\core\checkpoint.py,2,2,0,0.0
modules\core\main_features.py,22,22,3,0.0
modules\core\parking_lot.py,15,15,0,0.0
modules\dm\action_result.py,13,13,0,0.0
modules\dm\bot.py,36,36,797,0.0
modules\dm\bot_cache.py,12,12,0,0.0
modules\dm\bot_checkpoint.py,46,46,0,0.0
modules\dm\bot_comment.py,24,24,0,0.0
modules\dm\bot_get.py,265,265,0,0.0
modules\dm\bot_state.py,14,14,0,0.0
modules\dm\echo.py,6,6,0,0.0
modules\dm\interact_DM.py,39,39,0,0.0
modules\dm\logger.py,16,16,0,0.0
modules\dm\mention_handler.py,22,22,0,0.0
modules\dm\queue.py,82,82,0,0.0
modules\dm\rules.py,19,19,0,0.0
modules\dm\types.py,18,18,0,0.0
modules\log_trace.py,44,44,0,0.0
modules\manual_import.py,8,8,0,0.0
modules\pickle_serializer.py,6,6,0,0.0
modules\pprint_util_custom.py,24,24,0,0.0
modules\six_util_custom.py,14,14,0,0.0
modules\task_queue_mgr.py,17,17,0,0.0
modules\ssl_handler.py,11,0,0,100.0
